Variable,1947.0,1948.0,1949.0,1950.0,1951.0,1952.0,1953.0,1954.0,1955.0,1956.0,1957.0,1958.0,1959.0,1960.0,1960.3,1961.0,1961.3,1962.0,1962.3,1963.0,1963.3,1964.0,1965.0,1966.0,1966.3,1967.0,1967.3,1968.0,1968.3,1969.0,1969.3,1970.0,1970.3,1971.0,1971.2,1971.3,1972.0,1972.2,1972.3,1973.0,1974.0,1975.0,1976.0,1977.0,1978.0,1979.0,1980.0,1981.0,1982.0,1983.0,1984.0,1985.0,1986.0,1987.0,1988.0,1989.0,1990.0,1991.0,1992.0,1993.0,1994.0,1995.0,1996.0,1997.0,2002.0,2003.0,2004.0,2005.0,2006.0,2007.0,2008.0,2009.0,2010.0,2011.0,2012.0,2013.0,2014.0,2015.0,2016.0,2017.0,2018.0,2019.0,2020.0,2021.0,2022.0
Number of returns with AGI,5.5099008e7,5.2072006e7,5.1814124e7,5.3060098e7,5.5447009e7,5.6528817e7,5.7838184e7,5.6747008e7,5.8250188e7,5.9197004e7,5.9825121e7,5.9085182e7,6.0271297e7,6.1027931e7,6.1027931e7,6.149942e7,6.149942e7,6.2712386e7,6.2712386e7,6.3943236e7,6.3943236e7,6.5375601e7,6.75963e7,7.0160425e7,7.0160425e7,7.1651909e7,7.1651909e7,7.3728708e7,7.3728708e7,7.5834388e7,7.5834388e7,7.4279831e7,7.4279831e7,7.4576407e7,7.4576407e7,7.4576407e7,7.757273e7,7.757273e7,7.757273e7,8.0692587e7,8.334019e7,8.2229332e7,8.4670389e7,8.663464e7,8.9771551e7,9.2694302e7,9.3902469e7,9.5396123e7,9.5337432e7,9.632131e7,9.9438708e7,1.01660287e8,1.0304517e8,1.0699627e8,1.0970828e8,1.12135673e8,1.13717138e8,1.14730123e8,1.13604503e8,1.14601819e8,1.15943131e8,1.18218327e8,1.20351208e8,1.22421991e8,1.30076443e8,1.30423626e8,1.32226042e8,1.34372678e8,1.38394754e8,1.42978806e8,1.42450569e8,1.40494127e8,1.42892051e8,1.4537024e8,1.44928472e8,1.47351299e8,1.48606578e8,1.50493263e8,1.50272157e8,1.52903231e8,1.53774296e8,1.57796807e8,1.64358792e8,1.6082434e8,1.61336659e8
Adjusted gross income less deficits,8.248582e6,8.064025e6,7.912228e6,8.575507e6,8.871045e6,8.833798e6,8.8029e6,9.004043e6,9.553444e6,9.392978e6,9.963718e6,9.810158e6,1.022041e7,9.757486e6,9.757486e6,9.719238e6,9.719238e6,1.0210149e7,1.0210149e7,1.641731e6,1.641731e6,1.809362e6,1.726653e6,1.952249e6,1.952249e6,2.163364e6,2.163364e6,2.352663e6,2.352663e6,2.69968e6,2.69968e6,2.988636e6,2.988636e6,3.285612e6,3.285612e6,3.285612e6,3.661639e6,3.661639e6,3.661639e6,4.061739e6,4.834588e6,5.440145e6,5.829381e6,6.601644e6,7.867195e6,9.456875e6,1.1865856e7,1.5459784e7,1.807422e7,1.8259256e7,1.908296e7,2.0002986e7,2.0073189e7,1.8321913e7,1.9194505e7,1.9678697e7,2.0227059e7,2.1006471e7,1.9499758e7,7.9728631e7,8.2410237e7,9.4592325e7,1.04254986e8,1.20493432e8,1.03241332e8,1.15141232e8,1.46838808e8,1.66482004e8,1.99359146e8,2.37052127e8,2.19330668e8,1.63458846e8,1.83539268e8,1.94609806e8,2.60393306e8,2.14972683e8,2.54702232e8,2.6025272e8,2.54065327e8,2.82336042e8,3.21070381e8,3.31790638e8,3.27876787e8,3.86961461e8,4.1232085e8
Income tax after credits,4.29519e6,4.9709e6,5.246227e6,6.157699e6,6.056015e6,5.859624e6,5.828279e6,7.047866e6,7.850903e6,8.605656e6,9.123757e6,8.740562e6,9.355766e6,9.530143e6,9.530143e6,9.889743e6,9.889743e6,1.0639818e7,1.0639818e7,2.701652e6,2.701652e6,3.117638e6,3.568265e6,1.3998145e7,4.426138e6,1.4202149e7,5.046015e6,5.98846e6,5.539958e6,1.5739608e7,4.852489e6,1.5806924e7,1.5806924e7,2.4731456e7,2.4731456e7,2.4731456e7,2.739955e7,2.739955e7,2.739955e7,3.4513e6,4.205595e6,4.62122e6,5.246977e6,5.4603049e7,6.1222522e7,7.3875462e7,1.02009444e8,5.1886406e7,1.57021475e8,1.53805163e8,1.76369305e8,1.6340908e7,1.7683393e7,1.8721293e7,1.38785886e8,1.47358442e8,1.59294448e8,1.76501703e8,1.86491698e8,3.9749648e7,4.1749695e7,4.333345e7,4.668382e7,4.9348666e7,5.9908923e7,3.72931442e8,3.94285849e8,4.20144855e8,4.50454465e8,4.90581465e8,5.06269008e8,5.232958e8,5.58540932e8,5.81180358e8,6.12544219e8,6.38659076e8,6.63223262e8,6.89991999e8,6.93626543e8,7.29187412e8,1.14065349e8,7.84497673e8,8.27597726e8,8.58038339e8,9.11698884e8
Salaries and wages (gross),649626.0,755090.0,1.040789e6,1.019074e6,105179.0,134589.0,202302.0,5800.0,565614.0,625377.0,618020.0,618018.0,637398.0,660530.0,660530.0,583592.0,583592.0,584339.0,584339.0,47976.0,128535.0,2.879266e6,4.29201239e8,65932.0,3.681423e6,67787.0,4.341934e6,32311.0,5.54420486e8,82153.0,6.0354608e8,70741.0,1.533321e6,1.672034e6,1.672034e6,529664.0,1.924092e6,1.924092e6,677732.0,8.27148338e8,9.05523261e8,9.47784873e8,1.053895687e9,2.983617e6,3.310272e6,4.109979e6,4.974127e6,591508.0,6.089299e6,6.995997e6,7.658711e6,8.553385e6,9.901634e6,1.1374794e7,3.035504e6,3.598148e6,3.876235e6,4.141841e6,4.606142e6,9.474244e6,8.396624e6,8.192174e6,8.915212e6,9.221854e6,6.324051e6,1.083966e6,1.435566e6,1.654404e6,1.941673e6,2.505195e6,3.747624e6,3.10605e6,2.525833e6,2.595145e6,2.724256e6,4.286184e6,3.011568e6,5.033199e6,3.856714e6,3.977699e6,1.0814303e7,4.861091e6,4.65754e6,9.2689104e7,9.3025607e7
"Business and profession, net profit",1.49736082e8,1.63516014e8,1.60573925e8,1.79148276e8,2.02336485e8,2.15289908e8,2.28708256e8,2.29221375e8,2.48530317e8,2.67724268e8,2.80320566e8,2.81154092e8,3.05094979e8,3.15466382e8,3.15466382e8,601756.0,3.29861284e8,3.48701466e8,3.48701466e8,3.68778072e8,3.68778072e8,3.96659831e8,5.217505e6,4.68450579e8,4.68450579e8,5.04809479e8,5.04809479e8,5.54420486e8,5.538985e6,6.0354608e8,6.142145e6,6.3169254e8,6.3169254e8,6.73619046e8,6.73619046e8,6.73619046e8,7.4597454e8,7.4597454e8,7.4597454e8,1.1302742e7,1.1395684e7,1.0112147e7,1.0338735e7,1.9329363e7,2.2364088e7,6.153064e6,7.378903e6,6.930078e6,844209.0,638819.0,494226.0,587645.0,1.0648112e7,6.405125e6,3.6454512e7,4.648933e6,3.984634e6,2.474293e6,2.709848e6,2.633988e7,2.5782666e7,2.6140481e7,2.6119655e7,2.6982831e7,3.092379e7,7.472503e6,7.371027e6,8.484072e6,7.68398e6,9.931284e6,1.1749288e7,1.1615884e7,8.4637766e7,9.1182445e7,1.00870058e8,1.0404127e8,1.12414675e8,1.03058883e8,9.8193394e7,1.04770745e8,4.9288649e7,1.1232835e8,1.06880576e8,1.25168233e8,9.7314798e7
"Business and profession, net loss",295277.0,315709.0,438138.0,411287.0,459082.0,391519.0,515715.0,478242.0,529497.0,540653.0,604802.0,578402.0,656938.0,791440.0,791440.0,3.29861284e8,770393.0,865832.0,865832.0,4.657947e6,4.657947e6,1.0861548e7,194808.0,5.986131e6,5.986131e6,5.564763e6,5.564763e6,5.538985e6,348511.0,6.142145e6,358760.0,5.688226e6,5.688226e6,5.465547e6,5.465547e6,5.465547e6,7.337349e6,7.337349e6,7.337349e6,377824.0,411099.0,135604.0,155388.0,1.158492225e9,1.302447386e9,1.46539453e9,1.613731497e9,1.772604303e9,1.852135465e9,8.1393011e7,2.7589782e7,2.305951483e9,2.481681048e9,2.773824198e9,3.083019783e9,3.256358156e9,3.405427348e9,3.464524369e9,3.62912955e9,1.3140691e7,1.5774725e7,1.6041814e7,1.6027197e7,1.6069297e7,2.074377e7,6.717779e6,8.767672e6,7.811498e6,7.534789e6,5.438442e6,7.563571e6,6.821833e6,1.2252258e7,1.4562052e7,1.8185618e7,1.734251e7,1.6295763e7,1.3533867e7,1.1506347e7,1.1222173e7,3.4209498e7,1.0882071e7,1.2887044e7,4.9387898e7,5.3472482e7
"Partnership, net profit",1.125414e6,1.29345e6,1.52783e6,1.595604e6,1.702215e6,1.846899e6,2.042649e6,2.37023e6,2.583609e6,2.872013e6,3.31895e6,3.659211e6,4.395418e6,5.056793e6,5.056793e6,770393.0,5.683167e6,7.155412e6,7.155412e6,2.533239e6,0.0,0.0,1.852596e6,1.050652e6,1.083467e6,1.071911e6,1.358083e6,2.093204e6,2.411494e6,1.485024e6,2.564571e6,1.533321e6,2.205962e6,93031.0,93031.0,1.564618e6,100656.0,100656.0,602042.0,NaN,NaN,NaN,NaN,2.9211627e7,3.2743819e7,3.734651e7,4.3339736e7,1.5055155e7,6.0123166e7,5.2397694e7,5.819803e7,NaN,NaN,NaN,NaN,NaN,NaN,NaN,NaN,NaN,NaN,NaN,NaN,NaN,NaN,NaN,NaN,NaN,NaN,NaN,NaN,NaN,NaN,NaN,NaN,NaN,NaN,NaN,NaN,NaN,NaN,NaN,NaN,2.136650742e9,2.098923017e9
"Partnership, net loss",0.0,0.0,0.0,0.0,1.208549e6,801836.0,908756.0,144965.0,20523.0,46806.0,14902.0,25085.0,25850.0,76330.0,674547.0,5.683167e6,669421.0,75016.0,691986.0,5.1323221e7,5.1323221e7,5.1306338e7,56731.0,5.7377515e7,5.7377515e7,5.8672938e7,5.8672938e7,6.1888013e7,472683.0,6.4219186e7,389789.0,5.9314011e7,5.9314011e7,5.991202e7,5.991202e7,5.991202e7,6.0865128e7,6.0865128e7,6.0865128e7,NaN,NaN,NaN,NaN,219968.0,230669.0,329556.0,414096.0,4.371339e6,342713.0,6.9813961e7,8.0447934e7,NaN,NaN,NaN,NaN,NaN,NaN,NaN,NaN,NaN,NaN,NaN,NaN,NaN,NaN,NaN,NaN,NaN,NaN,NaN,NaN,NaN,NaN,NaN,NaN,NaN,NaN,NaN,NaN,NaN,NaN,NaN,NaN,8.507104e6,7.432678e6
"Sales of capital assets, net gain",1.8076281e7,1.5441529e7,1.4538141e7,1.8374922e7,2.4439073e7,2.8020288e7,2.9657273e7,2.6665753e7,2.9613722e7,3.2732132e7,3.4393639e7,3.4335652e7,3.8645299e7,3.9464156e7,3.9464156e7,78555.0,4.2225498e7,4.490284e7,4.490284e7,1.902057e6,1.902057e6,1.130831e6,1.565929e6,4.426138e6,1.915865e6,5.046015e6,2.21132e6,2.411494e6,1.190542e6,6.918126e6,770676.0,7.878808e6,7.878808e6,5.345125e6,5.345125e6,5.345125e6,6.099835e6,6.099835e6,6.099835e6,2.018737e6,2.331536e6,2.554324e6,2.871407e6,7.718984e6,7.469259e6,8.930395e6,1.1731416e7,1.6344061e7,1.7827797e7,0.0,8.9745075e7,583779.0,1.2987297e7,1.5827894e7,2.8201888e7,2.4572969e7,3.5573263e7,4.003077e7,4.2117716e7,8.6420482e7,8.7601531e7,8.9233118e7,9.0906919e7,5.1343546e7,9.0963775e7,2.3425623e7,2.2735928e7,2.220476e7,2.4206006e7,2.7046648e7,2.7569478e7,3.0314607e7,0.0,0.0,0.0,0.0,0.0,0.0,0.0,1.60181396e8,1.764899e6,3.530839e6,0.0,677875.0,734788.0
"Sales of capital assets, net loss",2.452297e6,2.499662e6,1.95552e6,3.258571e6,3.282471e6,2.835865e6,2.538526e6,3.731862e6,5.12635e6,4.991131e6,4.128228e6,4.879114e6,6.796602e6,6.003859e6,6.003859e6,0.0,8.290879e6,6.821421e6,6.821421e6,74598.0,74598.0,73140.0,4.9529695e7,45355.0,67068.0,40212.0,65356.0,94899.0,7.6637902e7,66796.0,8.6568215e7,84521.0,7.665251e6,529664.0,529664.0,8.847885e6,677732.0,677732.0,1.729869e6,1.07901436e8,1.23464526e8,1.24382197e8,1.40801196e8,2.586729e6,3.00102e6,2.882736e6,3.063698e6,3.894583e6,4.110675e6,7.7962745e7,8.1557399e7,8.276213e7,8.3898079e7,8.669448e7,8.7120969e7,8.9162747e7,8.9844225e7,8.8717148e7,8.6708399e7,4.208182e6,4.397932e6,4.339781e6,4.592121e6,9.3449611e7,6.523019e6,2.8952022e7,2.5492046e7,2.2136901e7,1.8751674e7,1.6508394e7,2.8568091e7,3.1912136e7,8.447593e7,9.1693088e7,9.3109721e7,9.4518546e7,9.6531271e7,9.9021502e7,1.00037782e8,1.03730078e8,1.0040416e8,1.03985756e8,1.02943986e8,1.04549808e8,1.1061188e8
Sales of property other than capital assets (gain),226832.0,294418.0,443408.0,431815.0,499809.0,583811.0,670764.0,806069.0,626639.0,657308.0,755964.0,885321.0,883362.0,962164.0,962164.0,4.2225498e7,1.114271e6,1.349567e6,1.349567e6,19483.0,0.0,0.0,290145.0,1.2080129e7,0.0,1.3032056e7,0.0,5.340067e6,NaN,1.4182123e7,NaN,1.3737906e7,1.3737906e7,8.5239774e7,8.5239774e7,8.5239774e7,9.3359829e7,9.3359829e7,9.3359829e7,NaN,NaN,NaN,NaN,9.328088e6,1.0983905e7,1.2048967e7,1.3664671e7,1.7820245e7,1.3686703e7,1.7720479e7,1.9432812e7,1.84986e7,1.607081e7,1.2037656e7,1.2417624e7,1.1712004e7,1.1829067e7,1.2397229e7,1.2578256e7,4.922776e6,5.568453e6,5.73482e6,6.531881e6,6.321177e6,7.291728e6,3.3452704e7,3.8465692e7,4.39884e7,4.9926987e7,5.6287538e7,5.7144996e7,5.5406275e7,2.7454568e7,2.7532751e7,2.7462015e7,2.7850899e7,3.0088465e7,3.1110732e7,3.3468377e7,3.4292386e7,3.5230639e7,5.567843e6,4.336115e6,3.567122e6,3.876986e6
Sales of property other than capital assets (loss),0.0,0.0,0.0,0.0,0.0,0.0,0.0,690691.0,797732.0,1.313473e6,1.686228e6,1.90992e6,1.514464e6,674547.0,2.308657e6,8.290879e6,2.014683e6,691986.0,2.343416e6,4.820358e7,4.820358e7,4.7152855e7,687387.0,243518.0,5.6087084e7,272741.0,6.2919958e7,7.6637902e7,1.5222211e7,358760.0,1.5739608e7,342801.0,342801.0,1.4154373e7,1.4154373e7,1.4154373e7,1.526139e7,1.526139e7,1.526139e7,NaN,NaN,NaN,NaN,1.938501e6,2.368949e6,3.239212e6,3.629571e6,1.800161e6,4.996947e6,3.501975e6,4.416589e6,3.492144e6,4.455767e6,4.623652e6,4.419387e6,5.421819e6,4.828713e6,6.857446e6,7.812621e6,1.33437568e8,1.54276614e8,1.66418667e8,1.90739214e8,2.1355941e8,3.14665137e8,1.9843995e7,2.0610232e7,2.0652859e7,2.3015298e7,2.4624543e7,2.6595897e7,2.5711141e7,2.9819583e7,2.7307089e7,2.4186446e7,2.090911e7,1.7619852e7,1.8646316e7,2.0125823e7,1.6779101e7,1.7105832e7,1.6266128e7,1.9310935e7,1.6241889e7,2.8874408e7
Dividends in adjusted gross income,1.14803747e8,1.25881402e8,1.24883148e8,1.39073125e8,1.60481697e8,1.74339032e8,1.8773392e8,1.85952623e8,2.00712105e8,2.15617981e8,2.28076909e8,2.27550557e8,2.47370212e8,2.57917854e8,2.57917854e8,1.114271e6,2.66902279e8,2.83372515e8,2.83372515e8,1.0341894e7,1.0341894e7,4.702563e6,3.47150062e8,4.358553e6,1.2080129e7,4.386528e6,1.3032056e7,1.5700613e7,2.093204e6,4.852489e6,1.485024e6,4.88437e6,4.88437e6,607307.0,607307.0,607307.0,794495.0,794495.0,794495.0,3.217376e7,3.9543266e7,4.3433554e7,4.8588111e7,0.0,0.0,0.0,4.755065e6,NaN,7.641687e6,1.4696439e7,1.5418184e7,7.243748e6,5.166087e6,3.792149e6,2.8880967e7,2.921582e7,2.8737832e7,2.9282669e7,2.7119776e7,3.72333988e9,3.907517953e9,4.189353615e9,4.535974492e9,4.969949986e9,6.033585532e9,NaN,NaN,NaN,NaN,NaN,NaN,NaN,NaN,NaN,NaN,NaN,NaN,NaN,NaN,NaN,NaN,NaN,NaN,NaN,NaN
Interest received,297595.0,298569.0,350693.0,330628.0,285175.0,365462.0,462737.0,379446.0,375213.0,438465.0,642695.0,549110.0,522115.0,704284.0,704284.0,669421.0,670085.0,1.050393e6,1.050393e6,313435.0,313435.0,245469.0,1.354209e6,2.984122e6,324342.0,1.721061e6,375018.0,472683.0,4.51504824e8,-4.672407e6,4.98864696e8,2.205962e6,153411.0,2.757717e6,2.757717e6,2.757717e6,3.110927e6,3.110927e6,3.110927e6,1.008061e6,1.349118e6,1.450259e6,1.65233e6,1.58473908e8,1.86718062e8,2.1331933e8,2.49078475e8,NaN,2.76077369e8,5.729452e6,7.038187e6,6.355539e6,6.975196e6,1.2286674e7,926728.0,1.624693e6,1.072088e6,1.21678e6,1.835768e6,2.750744e6,2.296517e6,3.592398e6,4.21459e6,3.702196e6,7.01427e6,2.8007006e7,3.1965345e7,3.4674881e7,3.7473251e7,4.1578697e7,4.1830868e7,3.813778e7,4.7106774e7,4.3005931e7,4.4378683e7,4.3121203e7,4.5506199e7,4.676929e7,4.521399e7,4.6591224e7,9.128988e6,4.8689237e7,5.1039607e7,4.12830233e8,4.58513595e8
Pensions and annuities in AGI,2.227669e6,2.599422e6,3.059632e6,3.224452e6,3.353363e6,3.489096e6,3.659266e6,3.536292e6,NaN,NaN,NaN,NaN,NaN,NaN,NaN,NaN,NaN,NaN,NaN,643938.0,643938.0,685688.0,1.296057e7,3.81067341e8,778203.0,4.11646226e8,744407.0,1.190542e6,2.245862e6,4.98864696e8,2.328179e6,5.31883892e8,5.31883892e8,475571.0,479872.0,319257.0,602042.0,602042.0,9.564891e6,6.87179075e8,7.58628836e8,7.95399462e8,8.80998631e8,2.1359425e7,2.4274158e7,2.4241425e7,2.5638164e7,2.82302029e8,2.7365915e7,543131.0,618168.0,9.594182e6,3.5548038e7,3.2813666e7,4.11842025e8,4.32109004e8,4.46296392e8,4.47216167e8,4.74881734e8,3.6624273e7,3.9103321e7,7.866919e6,8.229479e6,1.01395e7,1.8745144e7,7.48010125e8,8.31975834e8,9.34835345e8,1.023916399e9,1.115759794e9,1.031580708e9,8.65948271e8,2.3984536e7,2.4164276e7,2.3717305e7,2.514078e7,2.4571978e7,2.7497651e7,2.9172377e7,3.0388415e7,NaN,3.4679155e7,3.4751183e7,5.899376e6,5.757408e6
"Rents and royalties, net income",0.0,0.0,0.0,0.0,0.0,0.0,0.0,0.0,2.0597223e7,2.366189e7,2.2525946e7,2.2889976e7,2.4322663e7,NaN,NaN,NaN,NaN,NaN,NaN,NaN,NaN,NaN,NaN,NaN,NaN,NaN,NaN,0.0,1.6782128e7,NaN,NaN,NaN,NaN,NaN,NaN,NaN,NaN,NaN,NaN,NaN,NaN,NaN,NaN,NaN,NaN,NaN,NaN,NaN,NaN,NaN,NaN,NaN,NaN,NaN,1.00918463e8,1.07373738e8,1.12029507e8,1.09117232e8,1.28704285e8,5.00735016e8,5.32644247e8,5.86128456e8,6.5542046e8,7.27303171e8,7.96980307e8,6.470712e6,7.262338e6,7.97927e6,8.120381e6,8.759334e6,8.779355e6,8.821395e6,1.44553116e8,1.6908352e8,1.8907293e8,1.89041342e8,1.9618676e8,1.97513363e8,1.8580502e8,2.13363983e8,2.1998211e7,2.12144847e8,2.2412991e8,6.2702551e7,6.2607506e7
"Rents and royalties, net loss",1.6380569e7,1.8048769e7,1.5629546e7,1.6863434e7,1.8162541e7,1.8194993e7,1.8677699e7,1.9234612e7,96750.0,72560.0,90161.0,75319.0,86657.0,NaN,NaN,NaN,NaN,NaN,NaN,NaN,NaN,NaN,NaN,NaN,NaN,NaN,NaN,4.51504824e8,5.340067e6,NaN,NaN,NaN,NaN,NaN,NaN,NaN,NaN,NaN,NaN,NaN,NaN,NaN,NaN,NaN,NaN,NaN,NaN,NaN,NaN,NaN,NaN,NaN,NaN,NaN,7.7329507e7,8.1309036e7,8.0168536e7,7.7284499e7,7.792572e7,1.76342644e8,1.8720868e8,1.9180962e8,2.00029514e8,2.10585238e8,2.5687874e8,8.138821e6,1.0473327e7,1.2843235e7,1.4020711e7,1.5112589e7,1.2952759e7,1.1898098e7,0.0,0.0,0.0,0.0,0.0,0.0,0.0,0.0,3.2919323e7,2.449204e6,0.0,1.41160696e8,1.43657097e8
"Estates and trusts, net income less loss",101134.0,111178.0,106492.0,103188.0,88903.0,116596.0,62885.0,NaN,NaN,NaN,NaN,NaN,NaN,NaN,NaN,NaN,NaN,NaN,NaN,NaN,NaN,NaN,NaN,NaN,NaN,NaN,NaN,NaN,NaN,NaN,NaN,NaN,NaN,NaN,NaN,NaN,NaN,NaN,NaN,4.2163922e7,4.3881702e7,4.4861623e7,5.0328842e7,NaN,NaN,NaN,NaN,NaN,NaN,NaN,NaN,NaN,NaN,NaN,NaN,NaN,NaN,NaN,NaN,NaN,NaN,NaN,NaN,NaN,NaN,NaN,NaN,NaN,NaN,NaN,NaN,NaN,NaN,NaN,NaN,NaN,NaN,NaN,NaN,NaN,NaN,NaN,NaN,NaN,NaN
Other income (net),250785.0,262691.0,312771.0,328273.0,0.0,0.0,0.0,2.308809e6,2.16722e6,2.377244e6,2.186579e6,2.216398e6,2.89151e6,2.308657e6,2.887155e6,91897.0,2.76482e6,1.06307e6,2.925775e6,2.2757404e7,727168.0,79601.0,2.449982e6,324342.0,1.050652e6,375018.0,1.071911e6,3.1272666e7,1.885387e7,389789.0,6.918126e6,616332.0,3.3542837e7,67584.0,67584.0,3.5323956e7,83303.0,83303.0,3.140246e6,7.214326e6,8.016946e6,8.053918e6,9.09775e6,NaN,NaN,NaN,NaN,NaN,NaN,NaN,NaN,NaN,NaN,NaN,NaN,NaN,NaN,NaN,NaN,NaN,NaN,NaN,NaN,NaN,NaN,NaN,NaN,NaN,NaN,NaN,NaN,NaN,NaN,NaN,NaN,NaN,NaN,NaN,NaN,NaN,NaN,NaN,NaN,NaN,NaN
Operating loss (net),NaN,NaN,NaN,NaN,381156.0,408104.0,531403.0,0.0,NaN,NaN,NaN,NaN,NaN,816226.0,NaN,3.661172e6,NaN,NaN,NaN,NaN,NaN,NaN,NaN,NaN,NaN,NaN,NaN,NaN,NaN,NaN,NaN,NaN,NaN,NaN,NaN,NaN,NaN,NaN,NaN,NaN,NaN,NaN,NaN,NaN,NaN,NaN,NaN,NaN,NaN,NaN,NaN,NaN,NaN,NaN,NaN,NaN,NaN,NaN,NaN,NaN,NaN,NaN,NaN,NaN,NaN,NaN,NaN,NaN,NaN,NaN,NaN,NaN,NaN,NaN,NaN,NaN,NaN,NaN,NaN,NaN,NaN,NaN,NaN,NaN,NaN
"Estates and trusts, net income",NaN,NaN,NaN,NaN,NaN,NaN,NaN,107811.0,3.697269e6,3.920454e6,3.945252e6,3.961903e6,4.008037e6,2.887155e6,0.0,2.5394526e7,210844.0,2.925775e6,0.0,61062.0,1.1451924e7,NaN,NaN,2.8139809e7,1.3998145e7,2.9554503e7,1.4202149e7,2.245862e6,3.1272666e7,3.3111209e7,1.6078215e7,3.3542837e7,0.0,1.564618e6,1.564618e6,926470.0,1.729869e6,1.729869e6,994448.0,NaN,NaN,NaN,NaN,9.69403997e8,1.090291855e9,1.229251389e9,1.349842802e9,0.0,1.56499519e9,2.5885849e7,3.1387299e7,137421.0,2.3224e6,2.469459e6,4.55907e6,4.502464e6,4.633163e6,4.313452e6,4.664394e6,2.4649668e7,3.8639292e7,4.5715361e7,5.3203171e7,6.1557689e7,9.3459494e7,1.9149504e7,2.3313432e7,2.4883528e7,2.7902023e7,3.0139091e7,2.7196828e7,2.3775855e7,1.5718706e7,1.6265374e7,2.0400068e7,2.6291718e7,3.1473022e7,3.3036562e7,2.7611417e7,3.460732e7,1.1271656e7,3.7870472e7,5.3558702e7,1.3337377e7,1.7264602e7
"Estates and trusts, net loss",NaN,NaN,NaN,NaN,NaN,NaN,NaN,429542.0,0.0,0.0,0.0,0.0,0.0,152822.0,NaN,158893.0,NaN,285266.0,NaN,0.0,NaN,NaN,NaN,1.658548e6,NaN,1.911446e6,NaN,1.5222211e7,NaN,2.584912e6,NaN,2.578058e6,NaN,3.5323956e7,3.5323956e7,NaN,3.8114271e7,3.8114271e7,NaN,NaN,NaN,NaN,NaN,8.045768e6,9.229372e6,1.1792007e7,1.6209569e7,1.486100497e9,2.8274324e7,2.310546e6,2.710268e6,1.1510688e7,9.9008229e7,3.0116329e7,1.436147e7,1.7347058e7,1.9686539e7,2.1359312e7,2.3139399e7,0.0,0.0,4.1139577e7,4.2646933e7,4.695468e7,7.7161432e7,4.649900493e9,4.921806344e9,5.155407373e9,5.469370119e9,5.84226982e9,5.950634829e9,5.707088487e9,5.25538018e8,5.47946842e8,6.48247827e8,6.47962563e8,7.01113118e8,7.55622761e8,7.54311828e8,8.33430151e8,3.9799626e7,8.57020291e8,9.31608828e8,1.2163207e7,1.2522385e7
Pensions and annuities in AGI (life expectancy),NaN,NaN,NaN,NaN,NaN,NaN,NaN,NaN,244995.0,284477.0,384057.0,435703.0,577699.0,654794.0,654794.0,0.0,745922.0,972926.0,972926.0,NaN,NaN,NaN,NaN,NaN,NaN,NaN,NaN,NaN,NaN,NaN,NaN,NaN,NaN,NaN,NaN,NaN,NaN,NaN,NaN,NaN,NaN,NaN,NaN,NaN,NaN,NaN,NaN,NaN,NaN,NaN,NaN,NaN,NaN,NaN,NaN,NaN,NaN,NaN,NaN,NaN,NaN,NaN,NaN,NaN,NaN,NaN,NaN,NaN,NaN,NaN,NaN,NaN,NaN,NaN,NaN,NaN,NaN,NaN,NaN,NaN,NaN,NaN,NaN,NaN,NaN
Pensions and annuities in AGI (3-year method),NaN,NaN,NaN,NaN,NaN,NaN,NaN,NaN,0.0,0.0,0.0,0.0,0.0,39465.0,281429.0,2.66902279e8,601756.0,29855.0,103179.0,NaN,NaN,NaN,NaN,NaN,NaN,NaN,NaN,NaN,NaN,NaN,NaN,NaN,NaN,NaN,NaN,NaN,NaN,NaN,NaN,NaN,NaN,NaN,NaN,NaN,NaN,NaN,NaN,NaN,NaN,NaN,NaN,NaN,NaN,NaN,NaN,NaN,NaN,NaN,NaN,NaN,NaN,NaN,NaN,NaN,NaN,NaN,NaN,NaN,NaN,NaN,NaN,NaN,NaN,NaN,NaN,NaN,NaN,NaN,NaN,NaN,NaN,NaN,NaN,NaN,NaN
"Rents, net income",NaN,NaN,NaN,NaN,NaN,NaN,NaN,NaN,NaN,NaN,NaN,NaN,NaN,2.3958911e7,2.3958911e7,670085.0,2.5394526e7,2.6851131e7,2.6851131e7,0.0,0.0,0.0,66026.0,1.354223e6,0.0,1.497782e6,0.0,NaN,NaN,2.328179e6,1.9625697e7,2.837947e6,2.837947e6,5.64967294e8,5.64967294e8,5.64967294e8,6.22598754e8,6.22598754e8,6.22598754e8,2.135936e6,2.576524e6,2.059772e6,1.875986e6,1.708125e6,2.201512e6,2.527855e6,2.149695e6,2.5907488e7,2.941634e6,0.0,0.0,3.21917289e8,3.60571264e8,3.67527687e8,NaN,NaN,NaN,NaN,NaN,NaN,NaN,NaN,NaN,NaN,NaN,NaN,NaN,NaN,NaN,NaN,NaN,NaN,NaN,NaN,NaN,NaN,NaN,NaN,NaN,NaN,NaN,NaN,NaN,NaN,NaN
"Rents, net loss",NaN,NaN,NaN,NaN,NaN,NaN,NaN,NaN,NaN,NaN,NaN,NaN,NaN,70113.0,70113.0,745922.0,158893.0,68826.0,68826.0,2.99443183e8,2.99443183e8,3.23265701e8,2.6314996e7,67068.0,3.81067341e8,65356.0,4.11646226e8,NaN,NaN,83309.0,-4.672407e6,163493.0,163493.0,3.351382e6,3.351382e6,3.351382e6,4.202932e6,4.202932e6,4.202932e6,1.3243591e7,1.6698761e7,2.0886871e7,2.455621e7,6.34131e6,7.844747e6,1.0216633e7,1.3464274e7,2.792678e6,2.2164881e7,2.71651153e8,2.97422715e8,4.8477552e7,5.2403581e7,7.2370252e7,NaN,NaN,NaN,NaN,NaN,NaN,NaN,NaN,NaN,NaN,NaN,NaN,NaN,NaN,NaN,NaN,NaN,NaN,NaN,NaN,NaN,NaN,NaN,NaN,NaN,NaN,NaN,NaN,NaN,NaN,NaN
"Royalties, net income",NaN,NaN,NaN,NaN,NaN,NaN,NaN,NaN,NaN,NaN,NaN,NaN,NaN,3.543887e6,3.543887e6,40392.0,3.661172e6,3.933475e6,3.933475e6,1.028556e6,1.028556e6,2.067178e6,1.1069464e7,1.750826e6,1.354223e6,1.848239e6,1.497782e6,NaN,NaN,2.205744e6,3.3111209e7,2.457918e6,2.457918e6,616543.0,616543.0,616543.0,597295.0,597295.0,597295.0,NaN,NaN,NaN,NaN,1.103254e6,1.191389e6,1.440134e6,1.422198e6,6.101057e6,1.946143e6,2.9614882e7,3.0539569e7,5.5046351e7,6.1623348e7,6.6791158e7,NaN,NaN,NaN,NaN,NaN,NaN,NaN,NaN,NaN,NaN,NaN,NaN,NaN,NaN,NaN,NaN,NaN,NaN,NaN,NaN,NaN,NaN,NaN,NaN,NaN,NaN,NaN,NaN,NaN,NaN,NaN
"Royalties, net loss",NaN,NaN,NaN,NaN,NaN,NaN,NaN,NaN,NaN,NaN,NaN,NaN,NaN,165634.0,NaN,0.0,NaN,2.343416e6,NaN,1.1451924e7,NaN,1.1917365e7,1.1296048e7,3.681423e6,NaN,4.341934e6,NaN,NaN,NaN,0.0,NaN,7.665251e6,NaN,926470.0,926470.0,NaN,994448.0,994448.0,NaN,NaN,NaN,NaN,NaN,0.0,0.0,0.0,0.0,2.315317e6,1.794436e7,3.665052e6,4.668033e6,385360.0,254634.0,120014.0,NaN,NaN,NaN,NaN,NaN,NaN,NaN,NaN,NaN,NaN,NaN,NaN,NaN,NaN,NaN,NaN,NaN,NaN,NaN,NaN,NaN,NaN,NaN,NaN,NaN,NaN,NaN,NaN,NaN,NaN,NaN
Miscellaneous #4 (ETL+ROL+OL),NaN,NaN,NaN,NaN,NaN,NaN,NaN,NaN,NaN,NaN,NaN,NaN,NaN,NaN,152822.0,NaN,902263.0,NaN,NaN,NaN,NaN,NaN,NaN,NaN,NaN,NaN,NaN,NaN,NaN,NaN,NaN,NaN,NaN,NaN,NaN,NaN,NaN,NaN,NaN,NaN,NaN,NaN,NaN,NaN,NaN,NaN,NaN,NaN,NaN,NaN,NaN,NaN,NaN,NaN,NaN,NaN,NaN,NaN,NaN,NaN,NaN,NaN,NaN,NaN,NaN,NaN,NaN,NaN,NaN,NaN,NaN,NaN,NaN,NaN,NaN,NaN,NaN,NaN,NaN,NaN,NaN,NaN,NaN,NaN,NaN
Sources not supported by schedule B,NaN,NaN,NaN,NaN,NaN,NaN,NaN,NaN,NaN,NaN,NaN,NaN,NaN,NaN,NaN,0.0,249853.0,NaN,NaN,NaN,NaN,NaN,NaN,NaN,NaN,NaN,NaN,NaN,NaN,NaN,NaN,NaN,NaN,NaN,NaN,NaN,NaN,NaN,NaN,NaN,NaN,NaN,NaN,NaN,NaN,NaN,NaN,NaN,NaN,NaN,NaN,NaN,NaN,NaN,NaN,NaN,NaN,NaN,NaN,NaN,NaN,NaN,NaN,NaN,NaN,NaN,NaN,NaN,NaN,NaN,NaN,NaN,NaN,NaN,NaN,NaN,NaN,NaN,NaN,NaN,NaN,NaN,NaN,NaN,NaN
Miscellaneous #6 (ETL+ROL),NaN,NaN,NaN,NaN,NaN,NaN,NaN,NaN,NaN,NaN,NaN,NaN,NaN,NaN,NaN,NaN,NaN,NaN,285266.0,NaN,NaN,NaN,NaN,NaN,NaN,NaN,NaN,NaN,NaN,NaN,NaN,NaN,NaN,NaN,NaN,NaN,NaN,NaN,NaN,NaN,NaN,NaN,NaN,NaN,NaN,NaN,NaN,NaN,NaN,NaN,NaN,NaN,NaN,NaN,NaN,NaN,NaN,NaN,NaN,NaN,NaN,NaN,NaN,NaN,NaN,NaN,NaN,NaN,NaN,NaN,NaN,NaN,NaN,NaN,NaN,NaN,NaN,NaN,NaN,NaN,NaN,NaN,NaN,NaN,NaN
Number of returns with ITC,NaN,NaN,NaN,NaN,NaN,NaN,NaN,NaN,NaN,NaN,NaN,NaN,NaN,NaN,NaN,NaN,NaN,NaN,NaN,1.019344e6,1.019344e6,969991.0,888606.0,463608.0,1.018979e6,444813.0,911798.0,864221.0,864221.0,745921.0,1.494887e6,840105.0,840105.0,875764.0,875764.0,875764.0,1.027959e6,1.027959e6,1.027959e6,1.529396e6,1.907774e6,1.727272e6,1.645248e6,2.222914e6,2.741053e6,3.026718e6,3.865707e6,5.073325e6,6.430588e6,7.101771e6,8.896065e6,3.905541e6,3.458614e6,6.774029e6,8.10633e6,7.882795e6,9.551854e6,8.667127e6,8.447633e6,1.49662356e8,1.49986402e8,1.76473339e8,2.54839436e8,8.745642e6,2.68202336e8,332293.0,1.92599e6,4.958078e6,8.416731e6,1.1981884e7,2.693831e6,360637.0,601335.0,1.777581e6,2.216531e6,6.207123e6,1.1260842e7,1.1563203e7,6.75953e6,1.1371193e7,1.5034569e7,1.1248534e7,1.0636286e7,2.3889533e7,1.2863423e7
"Farm, net profit",NaN,NaN,NaN,NaN,NaN,NaN,NaN,NaN,NaN,NaN,NaN,NaN,NaN,NaN,NaN,NaN,NaN,NaN,NaN,85208.0,85208.0,130058.0,4.020376e6,1.0960261e7,243518.0,1.4593683e7,272741.0,348511.0,2.065114e6,1.6078215e7,2.205744e6,1.0655553e7,1.0655553e7,1.455858e7,1.455858e7,1.455858e7,1.8396678e7,1.8396678e7,1.8396678e7,1.159632e6,1.619526e6,1.76938e6,2.027427e6,8.22324e6,1.1034552e7,1.1054009e7,9.93895e6,8.532103e6,7.994248e6,1.942589865e9,2.139904356e9,6.493117e6,8.786579e6,1.0714192e7,1.1241087e7,1.1498065e7,1.1395305e7,9.544222e6,1.0042249e7,2.89212039e9,3.026777706e9,3.201456569e9,3.376871545e9,3.613918456e9,4.559690903e9,2.68581833e8,2.90224776e8,3.14717429e8,3.30265386e8,3.3458565e8,3.24880224e8,3.08887694e8,1.20249961e8,9.2383693e7,7.1234134e7,5.1923279e7,3.3288898e7,2.7225383e7,2.5420264e7,2.3946035e7,1.69046595e8,2.1395491e7,4.05283667e8,0.0,0.0
"Farm, net loss",NaN,NaN,NaN,NaN,NaN,NaN,NaN,NaN,NaN,NaN,NaN,NaN,NaN,NaN,NaN,NaN,NaN,NaN,NaN,3.924339e6,3.924339e6,3.939856e6,5.3700794e7,1.3224949e7,4.358553e6,1.4899452e7,4.386528e6,5.539958e6,6.1888013e7,1.9625697e7,6.4219186e7,2.2021266e7,2.2021266e7,9.294407e6,9.294407e6,9.294407e6,1.1011307e7,1.1011307e7,1.1011307e7,6.4261406e7,6.7330147e7,6.1483928e7,6.4396653e7,2.3363333e7,2.6232396e7,3.1331036e7,3.2723298e7,3.4713116e7,3.8514403e7,8.425995e6,6.337306e6,5.019477e6,5.259909e6,5.274031e6,6.2797e6,6.480649e6,6.299921e6,4.655943e6,5.158515e6,2.0637964e7,2.1005091e7,2.2466293e7,2.3125558e7,2.3844022e7,3.6095167e7,8.46918e6,7.970811e6,9.180303e6,9.819064e6,1.0755848e7,2.0764121e7,2.9925581e7,2.5187996e7,2.6515292e7,2.9235562e7,2.9978207e7,2.9496416e7,3.2967078e7,3.1573883e7,3.2579689e7,3.37046241e8,3.5756185e7,2.8437694e7,9.022352941e9,9.738950972e9
Ordinary gain from sales of depreciable property,NaN,NaN,NaN,NaN,NaN,NaN,NaN,NaN,NaN,NaN,NaN,NaN,NaN,NaN,NaN,NaN,NaN,NaN,NaN,1.211251e6,1.211251e6,1.315083e6,1.1960226e7,5.6087084e7,1.750826e6,6.2919958e7,1.848239e6,2.065114e6,1.5700613e7,8.6568215e7,1.4182123e7,8.3787323e7,8.3787323e7,NaN,NaN,NaN,NaN,NaN,NaN,NaN,NaN,NaN,NaN,NaN,NaN,NaN,NaN,NaN,NaN,NaN,NaN,NaN,NaN,NaN,NaN,NaN,NaN,NaN,NaN,NaN,NaN,NaN,NaN,NaN,NaN,NaN,NaN,NaN,NaN,NaN,NaN,NaN,NaN,NaN,NaN,NaN,NaN,NaN,NaN,NaN,NaN,NaN,NaN,NaN,NaN
Statutory adjustments,NaN,NaN,NaN,NaN,NaN,NaN,NaN,NaN,NaN,NaN,NaN,NaN,NaN,NaN,NaN,NaN,NaN,NaN,NaN,7.468326e6,NaN,0.0,NaN,778203.0,0.0,744407.0,0.0,1.885387e7,5.98846e6,NaN,NaN,877106.0,2.578058e6,8.847885e6,8.847885e6,2.903942e6,9.564891e6,9.564891e6,1.6794422e7,1.066473e7,1.3102798e7,1.5101999e7,1.6284275e7,5.6053605e7,6.1413703e7,5.258402e6,4.536458e6,1.78097705e8,90918.0,9.101352e6,4.8640734e7,9.5082299e7,687132.0,724886.0,1.60947811e8,1.51889032e8,1.7554377e7,2.0627106e7,2.6273246e7,1.94014034e8,2.05422984e8,816719.0,748625.0,881707.0,1.219102e6,1.5076406e7,1.5446376e7,1.627589e7,1.8154653e7,1.23020191e8,1.21599382e8,1.12967222e8,5.5509536e7,5.4240803e7,5.2259366e7,5.5290946e7,5.7400238e7,6.0161435e7,6.099661e7,2.86496949e8,4.416383e6,3.0867452e7,9.9203321e7,7.6668124e8,8.12741318e8
Miscellaneous #5 (ETL+ROL+SA),NaN,NaN,NaN,NaN,NaN,NaN,NaN,NaN,NaN,NaN,NaN,NaN,NaN,NaN,NaN,NaN,NaN,NaN,NaN,NaN,0.0,NaN,NaN,NaN,NaN,NaN,NaN,NaN,NaN,NaN,NaN,NaN,NaN,NaN,NaN,NaN,NaN,NaN,NaN,NaN,NaN,NaN,NaN,NaN,NaN,NaN,NaN,NaN,NaN,NaN,NaN,NaN,NaN,NaN,NaN,NaN,NaN,NaN,NaN,NaN,NaN,NaN,NaN,NaN,NaN,NaN,NaN,NaN,NaN,NaN,NaN,NaN,NaN,NaN,NaN,NaN,NaN,NaN,NaN,NaN,NaN,NaN,NaN,NaN,NaN
"Small business corporation, net profit",NaN,NaN,NaN,NaN,NaN,NaN,NaN,NaN,NaN,NaN,NaN,NaN,NaN,NaN,NaN,NaN,NaN,NaN,NaN,NaN,NaN,NaN,NaN,1.915865e6,NaN,2.21132e6,NaN,NaN,NaN,2.564571e6,NaN,2.899513e6,2.899513e6,3.277548e6,3.277548e6,3.277548e6,3.230956e6,3.230956e6,3.230956e6,NaN,NaN,NaN,NaN,0.0,0.0,2.4778484e7,2.8614061e7,8.76613e6,2.177533e6,467309.0,521029.0,NaN,NaN,NaN,NaN,NaN,NaN,NaN,NaN,NaN,NaN,NaN,NaN,NaN,NaN,NaN,NaN,NaN,NaN,NaN,NaN,NaN,NaN,NaN,NaN,NaN,NaN,NaN,NaN,NaN,NaN,NaN,NaN,7.1724946e7,5.6185229e7
"Small business corporation, net loss",NaN,NaN,NaN,NaN,NaN,NaN,NaN,NaN,NaN,NaN,NaN,NaN,NaN,NaN,NaN,NaN,NaN,NaN,NaN,NaN,NaN,NaN,NaN,1.018979e6,NaN,911798.0,NaN,NaN,NaN,1.494887e6,NaN,1.64887e6,1.64887e6,1.403581e6,1.403581e6,1.403581e6,1.321387e6,1.321387e6,1.321387e6,NaN,NaN,NaN,NaN,6.4344844e7,6.8614401e7,7.1619111e7,7.3840395e7,7.6635184e7,7.6960821e7,2.583367e6,2.067768e6,NaN,NaN,NaN,NaN,NaN,NaN,NaN,NaN,NaN,NaN,NaN,NaN,NaN,NaN,NaN,NaN,NaN,NaN,NaN,NaN,NaN,NaN,NaN,NaN,NaN,NaN,NaN,NaN,NaN,NaN,NaN,NaN,4.69816308e8,4.87094509e8
Miscellaneous #3 (SB+ROL+ETL),NaN,NaN,NaN,NaN,NaN,NaN,NaN,NaN,NaN,NaN,NaN,NaN,NaN,NaN,NaN,NaN,NaN,NaN,NaN,NaN,NaN,NaN,NaN,NaN,2.8139809e7,NaN,2.9554503e7,NaN,NaN,NaN,NaN,NaN,NaN,NaN,NaN,NaN,NaN,NaN,NaN,NaN,NaN,NaN,NaN,NaN,NaN,NaN,NaN,NaN,NaN,NaN,NaN,NaN,NaN,NaN,NaN,NaN,NaN,NaN,NaN,NaN,NaN,NaN,NaN,NaN,NaN,NaN,NaN,NaN,NaN,NaN,NaN,NaN,NaN,NaN,NaN,NaN,NaN,NaN,NaN,NaN,NaN,NaN,NaN,NaN,NaN
Partnership/Estates/Trusts not allocable (income),NaN,NaN,NaN,NaN,NaN,NaN,NaN,NaN,NaN,NaN,NaN,NaN,NaN,NaN,NaN,NaN,NaN,NaN,NaN,NaN,NaN,NaN,NaN,NaN,NaN,NaN,NaN,52997.0,NaN,NaN,NaN,NaN,NaN,NaN,NaN,NaN,NaN,NaN,NaN,NaN,NaN,NaN,NaN,NaN,NaN,NaN,NaN,NaN,NaN,NaN,NaN,NaN,NaN,NaN,NaN,NaN,NaN,NaN,NaN,NaN,NaN,NaN,NaN,NaN,NaN,NaN,NaN,NaN,NaN,NaN,NaN,NaN,NaN,NaN,NaN,NaN,NaN,NaN,NaN,NaN,NaN,NaN,NaN,NaN,NaN
Partnership/Estates/Trusts not allocable (loss),NaN,NaN,NaN,NaN,NaN,NaN,NaN,NaN,NaN,NaN,NaN,NaN,NaN,NaN,NaN,NaN,NaN,NaN,NaN,NaN,NaN,NaN,NaN,NaN,NaN,NaN,NaN,0.0,NaN,NaN,NaN,NaN,NaN,NaN,NaN,NaN,NaN,NaN,NaN,NaN,NaN,NaN,NaN,NaN,NaN,NaN,NaN,NaN,NaN,NaN,NaN,NaN,NaN,NaN,NaN,NaN,NaN,NaN,NaN,NaN,NaN,NaN,NaN,NaN,NaN,NaN,NaN,NaN,NaN,NaN,NaN,NaN,NaN,NaN,NaN,NaN,NaN,NaN,NaN,NaN,NaN,NaN,NaN,NaN,NaN
Miscellaneous #2 (SPG+ETL+PE),NaN,NaN,NaN,NaN,NaN,NaN,NaN,NaN,NaN,NaN,NaN,NaN,NaN,NaN,NaN,NaN,NaN,NaN,NaN,NaN,NaN,NaN,NaN,NaN,NaN,NaN,NaN,NaN,136618.0,NaN,NaN,NaN,NaN,NaN,NaN,NaN,NaN,NaN,NaN,NaN,NaN,NaN,NaN,NaN,NaN,NaN,NaN,NaN,NaN,NaN,NaN,NaN,NaN,NaN,NaN,NaN,NaN,NaN,NaN,NaN,NaN,NaN,NaN,NaN,NaN,NaN,NaN,NaN,NaN,NaN,NaN,NaN,NaN,NaN,NaN,NaN,NaN,NaN,NaN,NaN,NaN,NaN,NaN,NaN,NaN
Miscellaneous #1 (SB+SPG+ROL+ETL),NaN,NaN,NaN,NaN,NaN,NaN,NaN,NaN,NaN,NaN,NaN,NaN,NaN,NaN,NaN,NaN,NaN,NaN,NaN,NaN,NaN,NaN,NaN,NaN,NaN,NaN,NaN,NaN,NaN,NaN,1.772569e6,NaN,NaN,NaN,NaN,NaN,NaN,NaN,NaN,NaN,NaN,NaN,NaN,NaN,NaN,NaN,NaN,NaN,NaN,NaN,NaN,NaN,NaN,NaN,NaN,NaN,NaN,NaN,NaN,NaN,NaN,NaN,NaN,NaN,NaN,NaN,NaN,NaN,NaN,NaN,NaN,NaN,NaN,NaN,NaN,NaN,NaN,NaN,NaN,NaN,NaN,NaN,NaN,NaN,NaN
ROL+ETL,NaN,NaN,NaN,NaN,NaN,NaN,NaN,NaN,NaN,NaN,NaN,NaN,NaN,NaN,NaN,NaN,NaN,NaN,NaN,NaN,NaN,NaN,NaN,NaN,NaN,NaN,NaN,NaN,NaN,NaN,NaN,NaN,616332.0,NaN,NaN,NaN,NaN,NaN,1.924092e6,NaN,NaN,NaN,NaN,NaN,NaN,NaN,NaN,NaN,NaN,NaN,NaN,NaN,NaN,NaN,NaN,NaN,NaN,NaN,NaN,NaN,NaN,NaN,NaN,NaN,NaN,NaN,NaN,NaN,NaN,NaN,NaN,NaN,NaN,NaN,NaN,NaN,NaN,NaN,NaN,NaN,NaN,NaN,NaN,NaN,NaN
State income tax refunds,NaN,NaN,NaN,NaN,NaN,NaN,NaN,NaN,NaN,NaN,NaN,NaN,NaN,NaN,NaN,NaN,NaN,NaN,NaN,NaN,NaN,NaN,NaN,NaN,NaN,NaN,NaN,NaN,NaN,NaN,NaN,NaN,NaN,2.903942e6,2.903942e6,0.0,3.140246e6,3.140246e6,183954.0,1.8200682e7,1.5377899e7,1.5799165e7,2.0207101e7,1.124623e6,944610.0,1.566759e6,2.073409e6,2.6045138e7,2.327531e6,511959.0,737927.0,1.928200978e9,2.031025984e9,2.163905509e9,0.0,0.0,0.0,0.0,0.0,1.123785e7,1.185369e7,1.2235548e7,1.2751223e7,1.4094351e7,2.3875813e7,3.22973738e8,4.97227695e8,6.85194041e8,7.89797297e8,9.12182379e8,4.95146902e8,2.63099445e8,1.36483398e8,1.42015345e8,2.04401524e8,1.58069115e8,1.92447711e8,2.03187788e8,2.02033967e8,2.16846966e8,2.43746121e8,2.48190601e8,2.6024444e8,2.95906194e8,3.13230845e8
Alimony,NaN,NaN,NaN,NaN,NaN,NaN,NaN,NaN,NaN,NaN,NaN,NaN,NaN,NaN,NaN,NaN,NaN,NaN,NaN,NaN,NaN,NaN,NaN,NaN,NaN,NaN,NaN,NaN,NaN,NaN,NaN,NaN,NaN,1.5671048e7,1.5671048e7,NaN,1.6794422e7,1.6794422e7,3.8114271e7,NaN,NaN,NaN,NaN,2.387211e6,2.746567e6,3.235258e6,4.213345e6,2.560234e6,6.599594e6,0.0,0.0,5.1004143e7,5.8263081e7,4.8056182e7,2.337984129e9,2.449530553e9,2.599401271e9,2.674260752e9,2.805703266e9,8.085593e6,1.0441684e7,9.715254e6,8.878685e6,4.5131642e7,2.9833878e7,6.2679389e7,6.585006e7,7.2225518e7,7.3354079e7,7.6926346e7,9.0085275e7,7.7879456e7,3.93628206e8,4.02566646e8,6.44856734e8,5.04322768e8,7.0500763e8,7.1359809e8,6.34341278e8,8.59894631e8,9.28929241e8,8.6975267e8,1.137020477e9,2.048795356e9,1.269785083e9
AL-ROL-ETL,NaN,NaN,NaN,NaN,NaN,NaN,NaN,NaN,NaN,NaN,NaN,NaN,NaN,NaN,NaN,NaN,NaN,NaN,NaN,NaN,NaN,NaN,NaN,NaN,NaN,NaN,NaN,NaN,NaN,NaN,NaN,NaN,NaN,NaN,NaN,1.5671048e7,NaN,NaN,NaN,NaN,NaN,NaN,NaN,NaN,NaN,NaN,NaN,NaN,NaN,NaN,NaN,NaN,NaN,NaN,NaN,NaN,NaN,NaN,NaN,NaN,NaN,NaN,NaN,NaN,NaN,NaN,NaN,NaN,NaN,NaN,NaN,NaN,NaN,NaN,NaN,NaN,NaN,NaN,NaN,NaN,NaN,NaN,NaN,NaN,NaN
"Partnership, net profit less loss",NaN,NaN,NaN,NaN,NaN,NaN,NaN,NaN,NaN,NaN,NaN,NaN,NaN,NaN,NaN,NaN,NaN,NaN,NaN,NaN,NaN,NaN,NaN,NaN,NaN,NaN,NaN,NaN,NaN,NaN,NaN,NaN,NaN,NaN,NaN,NaN,NaN,NaN,NaN,4.074998e6,6.399486e6,6.548822e6,6.882954e6,NaN,NaN,NaN,NaN,NaN,NaN,NaN,NaN,NaN,NaN,NaN,NaN,NaN,NaN,NaN,NaN,NaN,NaN,NaN,NaN,NaN,NaN,NaN,NaN,NaN,NaN,NaN,NaN,NaN,NaN,NaN,NaN,NaN,NaN,NaN,NaN,NaN,NaN,NaN,NaN,NaN,NaN
"Small business corporation, net profit less loss",NaN,NaN,NaN,NaN,NaN,NaN,NaN,NaN,NaN,NaN,NaN,NaN,NaN,NaN,NaN,NaN,NaN,NaN,NaN,NaN,NaN,NaN,NaN,NaN,NaN,NaN,NaN,NaN,NaN,NaN,NaN,NaN,NaN,NaN,NaN,NaN,NaN,NaN,NaN,1.873395e7,2.0887969e7,2.1892126e7,2.4461943e7,NaN,NaN,NaN,NaN,NaN,NaN,NaN,NaN,NaN,NaN,NaN,NaN,NaN,NaN,NaN,NaN,NaN,NaN,NaN,NaN,NaN,NaN,NaN,NaN,NaN,NaN,NaN,NaN,NaN,NaN,NaN,NaN,NaN,NaN,NaN,NaN,NaN,NaN,NaN,NaN,NaN,NaN
Sales of property other than capital assets (net),NaN,NaN,NaN,NaN,NaN,NaN,NaN,NaN,NaN,NaN,NaN,NaN,NaN,NaN,NaN,NaN,NaN,NaN,NaN,NaN,NaN,NaN,NaN,NaN,NaN,NaN,NaN,NaN,NaN,NaN,NaN,NaN,NaN,NaN,NaN,NaN,NaN,NaN,NaN,1.1159711e7,1.1012553e7,1.0751319e7,1.168247e7,NaN,NaN,NaN,NaN,NaN,NaN,NaN,NaN,NaN,NaN,NaN,NaN,NaN,NaN,NaN,NaN,NaN,NaN,NaN,NaN,NaN,NaN,NaN,NaN,NaN,NaN,NaN,NaN,NaN,NaN,NaN,NaN,NaN,NaN,NaN,NaN,NaN,NaN,NaN,NaN,NaN,NaN
"Royalties, net income less loss",NaN,NaN,NaN,NaN,NaN,NaN,NaN,NaN,NaN,NaN,NaN,NaN,NaN,NaN,NaN,NaN,NaN,NaN,NaN,NaN,NaN,NaN,NaN,NaN,NaN,NaN,NaN,NaN,NaN,NaN,NaN,NaN,NaN,NaN,NaN,NaN,NaN,NaN,NaN,2.858555e6,2.242081e6,2.064814e6,942189.0,NaN,NaN,NaN,NaN,NaN,NaN,NaN,NaN,NaN,NaN,NaN,NaN,NaN,NaN,NaN,NaN,NaN,NaN,NaN,NaN,NaN,NaN,NaN,NaN,NaN,NaN,NaN,NaN,NaN,NaN,NaN,NaN,NaN,NaN,NaN,NaN,NaN,NaN,NaN,NaN,NaN,NaN
"Other income, net income",NaN,NaN,NaN,NaN,NaN,NaN,NaN,NaN,NaN,NaN,NaN,NaN,NaN,NaN,NaN,NaN,NaN,NaN,NaN,NaN,NaN,NaN,NaN,NaN,NaN,NaN,NaN,NaN,NaN,NaN,NaN,NaN,NaN,NaN,NaN,NaN,NaN,NaN,NaN,NaN,NaN,NaN,NaN,4.020864e6,4.079188e6,0.0,0.0,6.8531412e7,5.214241e7,0.0,8.984957e7,652621.0,1.35043243e8,1.44172755e8,0.0,0.0,0.0,0.0,0.0,0.0,0.0,0.0,0.0,0.0,0.0,1.27159692e8,1.25474158e8,1.6243272e8,2.22707445e8,2.68058182e8,2.23291064e8,1.68001234e8,3.3794746e7,3.0715812e7,2.9758025e7,2.5262452e7,2.2500466e7,2.1093508e7,2.1318833e7,2.1870425e7,4.30062977e8,1.8511376e7,1.9770091e7,3.9479321e7,4.260731e7
"Other income, net loss",NaN,NaN,NaN,NaN,NaN,NaN,NaN,NaN,NaN,NaN,NaN,NaN,NaN,NaN,NaN,NaN,NaN,NaN,NaN,NaN,NaN,NaN,NaN,NaN,NaN,NaN,NaN,NaN,NaN,NaN,NaN,NaN,NaN,NaN,NaN,NaN,NaN,NaN,NaN,NaN,NaN,NaN,NaN,0.0,0.0,6.6021342e7,6.699501e7,4.256154e6,280769.0,7.861841e7,1.5063866e7,2.605633e6,1.07696794e8,1.24754833e8,1.45517755e8,1.52416377e8,1.61657252e8,1.62870485e8,1.73501912e8,1.31140527e8,1.26169276e8,1.54780536e8,1.65672564e8,1.71700242e8,1.49024899e8,3.8926548e7,4.3007488e7,4.5016373e7,4.8738126e7,5.4849389e7,6.0645941e7,6.3904867e7,1.31064669e8,1.22562946e8,1.13240964e8,1.1634906e8,1.17321622e8,1.26618186e8,1.25646321e8,1.53150406e8,2.0061024e7,1.7986595e8,2.24177049e8,1.85261326e8,1.79837729e8
Unemployment compensation,NaN,NaN,NaN,NaN,NaN,NaN,NaN,NaN,NaN,NaN,NaN,NaN,NaN,NaN,NaN,NaN,NaN,NaN,NaN,NaN,NaN,NaN,NaN,NaN,NaN,NaN,NaN,NaN,NaN,NaN,NaN,NaN,NaN,NaN,NaN,NaN,NaN,NaN,NaN,NaN,NaN,NaN,NaN,NaN,NaN,994089.0,2.082456e6,274144.0,7.089116e6,1.644572655e9,1.807137587e9,1.82109194e8,1.67640438e8,1.68966067e8,4.3838237e7,4.4281682e7,4.5007276e7,4.5926843e7,4.1052774e7,2.708064e7,3.3106103e7,3.7316169e7,4.5538743e7,5.518252e7,8.8219481e7,7.8972015e7,8.2697364e7,8.9694035e7,1.02747208e8,1.3269627e8,1.75488983e8,1.52675851e8,0.0,0.0,0.0,0.0,0.0,0.0,0.0,0.0,4.766232e6,1.44925513e8,0.0,5.17081772e8,5.4356498e8
"Income earned abroad, in adjusted gross income",NaN,NaN,NaN,NaN,NaN,NaN,NaN,NaN,NaN,NaN,NaN,NaN,NaN,NaN,NaN,NaN,NaN,NaN,NaN,NaN,NaN,NaN,NaN,NaN,NaN,NaN,NaN,NaN,NaN,NaN,NaN,NaN,NaN,NaN,NaN,NaN,NaN,NaN,NaN,NaN,NaN,NaN,NaN,NaN,NaN,NaN,3.8761253e7,NaN,NaN,NaN,NaN,NaN,NaN,NaN,NaN,NaN,NaN,NaN,NaN,NaN,NaN,NaN,NaN,NaN,NaN,NaN,NaN,NaN,NaN,NaN,NaN,NaN,NaN,NaN,NaN,NaN,NaN,NaN,NaN,NaN,NaN,NaN,NaN,NaN,NaN
Dividends and interest in adjusted gross income,NaN,NaN,NaN,NaN,NaN,NaN,NaN,NaN,NaN,NaN,NaN,NaN,NaN,NaN,NaN,NaN,NaN,NaN,NaN,NaN,NaN,NaN,NaN,NaN,NaN,NaN,NaN,NaN,NaN,NaN,NaN,NaN,NaN,NaN,NaN,NaN,NaN,NaN,NaN,NaN,NaN,NaN,NaN,NaN,NaN,NaN,NaN,3.1442288e7,NaN,NaN,NaN,NaN,NaN,NaN,NaN,NaN,NaN,NaN,NaN,NaN,NaN,NaN,NaN,NaN,NaN,NaN,NaN,NaN,NaN,NaN,NaN,NaN,NaN,NaN,NaN,NaN,NaN,NaN,NaN,NaN,NaN,NaN,NaN,NaN,NaN
Windfall profit tax refunds,NaN,NaN,NaN,NaN,NaN,NaN,NaN,NaN,NaN,NaN,NaN,NaN,NaN,NaN,NaN,NaN,NaN,NaN,NaN,NaN,NaN,NaN,NaN,NaN,NaN,NaN,NaN,NaN,NaN,NaN,NaN,NaN,NaN,NaN,NaN,NaN,NaN,NaN,NaN,NaN,NaN,NaN,NaN,NaN,NaN,NaN,NaN,133595.0,6.4887065e7,3.214202e7,3.8975574e7,1.0382599e7,NaN,NaN,NaN,NaN,NaN,NaN,NaN,NaN,NaN,NaN,NaN,NaN,NaN,NaN,NaN,NaN,NaN,NaN,NaN,NaN,NaN,NaN,NaN,NaN,NaN,NaN,NaN,NaN,NaN,NaN,NaN,NaN,NaN
Net adjustment for windfall profit tax withheld,NaN,NaN,NaN,NaN,NaN,NaN,NaN,NaN,NaN,NaN,NaN,NaN,NaN,NaN,NaN,NaN,NaN,NaN,NaN,NaN,NaN,NaN,NaN,NaN,NaN,NaN,NaN,NaN,NaN,NaN,NaN,NaN,NaN,NaN,NaN,NaN,NaN,NaN,NaN,NaN,NaN,NaN,NaN,NaN,NaN,NaN,NaN,0.0,6.8647384e7,2.484835e6,2.945202e6,346484.0,NaN,NaN,NaN,NaN,NaN,NaN,NaN,NaN,NaN,NaN,NaN,NaN,NaN,NaN,NaN,NaN,NaN,NaN,NaN,NaN,NaN,NaN,NaN,NaN,NaN,NaN,NaN,NaN,NaN,NaN,NaN,NaN,NaN
Farm rental income less loss,NaN,NaN,NaN,NaN,NaN,NaN,NaN,NaN,NaN,NaN,NaN,NaN,NaN,NaN,NaN,NaN,NaN,NaN,NaN,NaN,NaN,NaN,NaN,NaN,NaN,NaN,NaN,NaN,NaN,NaN,NaN,NaN,NaN,NaN,NaN,NaN,NaN,NaN,NaN,NaN,NaN,NaN,NaN,NaN,NaN,NaN,NaN,NaN,5.580831e6,NaN,NaN,NaN,NaN,NaN,NaN,NaN,NaN,NaN,NaN,NaN,NaN,NaN,NaN,NaN,NaN,NaN,NaN,NaN,NaN,NaN,NaN,NaN,NaN,NaN,NaN,NaN,NaN,NaN,NaN,NaN,NaN,NaN,NaN,NaN,NaN
Farm rental income,NaN,NaN,NaN,NaN,NaN,NaN,NaN,NaN,NaN,NaN,NaN,NaN,NaN,NaN,NaN,NaN,NaN,NaN,NaN,NaN,NaN,NaN,NaN,NaN,NaN,NaN,NaN,NaN,NaN,NaN,NaN,NaN,NaN,NaN,NaN,NaN,NaN,NaN,NaN,NaN,NaN,NaN,NaN,NaN,NaN,NaN,NaN,NaN,NaN,6.10752e6,6.776069e6,3.0937152e7,7.693773e6,5.048869e6,NaN,NaN,NaN,NaN,NaN,NaN,NaN,NaN,NaN,NaN,NaN,NaN,NaN,NaN,NaN,NaN,NaN,NaN,NaN,NaN,NaN,NaN,NaN,NaN,NaN,NaN,NaN,NaN,NaN,NaN,NaN
Farm rental loss,NaN,NaN,NaN,NaN,NaN,NaN,NaN,NaN,NaN,NaN,NaN,NaN,NaN,NaN,NaN,NaN,NaN,NaN,NaN,NaN,NaN,NaN,NaN,NaN,NaN,NaN,NaN,NaN,NaN,NaN,NaN,NaN,NaN,NaN,NaN,NaN,NaN,NaN,NaN,NaN,NaN,NaN,NaN,NaN,NaN,NaN,NaN,NaN,NaN,7.110645e6,6.04955e6,9.8775563e7,385110.0,537640.0,NaN,NaN,NaN,NaN,NaN,NaN,NaN,NaN,NaN,NaN,NaN,NaN,NaN,NaN,NaN,NaN,NaN,NaN,NaN,NaN,NaN,NaN,NaN,NaN,NaN,NaN,NaN,NaN,NaN,NaN,NaN
Capital gain distributions reported on 1040,NaN,NaN,NaN,NaN,NaN,NaN,NaN,NaN,NaN,NaN,NaN,NaN,NaN,NaN,NaN,NaN,NaN,NaN,NaN,NaN,NaN,NaN,NaN,NaN,NaN,NaN,NaN,NaN,NaN,NaN,NaN,NaN,NaN,NaN,NaN,NaN,NaN,NaN,NaN,NaN,NaN,NaN,NaN,NaN,NaN,NaN,NaN,NaN,NaN,9.518924e6,7.876787e6,7.1599542e7,0.0,NaN,1.86981636e8,2.20015823e8,2.27083888e8,2.09411465e8,1.6234328e8,4.4021921e7,4.7045252e7,4.9330982e7,4.9749182e7,4.965883e6,5.8126147e7,8.8921898e7,8.9101934e7,9.0593079e7,9.2740926e7,9.6272957e7,9.0659908e7,8.1890189e7,1.2477441e7,8.953959e6,6.963302e6,5.948886e6,6.350497e6,6.693961e6,6.969147e6,6.579258e6,2.09243963e8,1.0267022e7,NaN,2.8104316e7,3.2967328e7
Social security benefits in AGI,NaN,NaN,NaN,NaN,NaN,NaN,NaN,NaN,NaN,NaN,NaN,NaN,NaN,NaN,NaN,NaN,NaN,NaN,NaN,NaN,NaN,NaN,NaN,NaN,NaN,NaN,NaN,NaN,NaN,NaN,NaN,NaN,NaN,NaN,NaN,NaN,NaN,NaN,NaN,NaN,NaN,NaN,NaN,NaN,NaN,NaN,NaN,NaN,NaN,NaN,0.0,9.5096003e7,1.10496952e8,0.0,464811.0,543568.0,467976.0,608053.0,57847.0,5.091374e6,6.091634e6,6.870734e6,8.465068e6,9.015799e6,1.2459427e7,9.7768201e7,1.10462387e8,1.24829069e8,1.44403839e8,1.67186633e8,1.6811021e8,1.74649879e8,5.837350365e9,6.055389434e9,6.301357591e9,6.475380882e9,6.784947852e9,7.112222959e9,7.217425529e9,7.577563943e9,0.0,8.273071046e9,8.416495535e9,2.1038506e7,2.3941453e7
"Partnership and small business corporation, net profit",NaN,NaN,NaN,NaN,NaN,NaN,NaN,NaN,NaN,NaN,NaN,NaN,NaN,NaN,NaN,NaN,NaN,NaN,NaN,NaN,NaN,NaN,NaN,NaN,NaN,NaN,NaN,NaN,NaN,NaN,NaN,NaN,NaN,NaN,NaN,NaN,NaN,NaN,NaN,NaN,NaN,NaN,NaN,NaN,NaN,NaN,NaN,NaN,NaN,NaN,NaN,3.6163023e7,3.7886929e7,3.4482957e7,2.7602158e7,3.0143479e7,3.2501881e7,3.4477003e7,3.6769898e7,8.748061e6,8.757184e6,8.744858e6,8.816375e6,7.781579e6,9.678258e6,3.33029137e8,3.98690527e8,4.92020754e8,5.28224522e8,5.4740148e8,5.42454108e8,4.97773276e8,9.51670957e8,1.045509234e9,1.188027195e9,1.218549835e9,1.355304645e9,1.435848586e9,1.426595311e9,1.581523123e9,1.4183884e8,1.553106552e9,1.675331743e9,NaN,NaN
"Partnership and small business corporation, net loss",NaN,NaN,NaN,NaN,NaN,NaN,NaN,NaN,NaN,NaN,NaN,NaN,NaN,NaN,NaN,NaN,NaN,NaN,NaN,NaN,NaN,NaN,NaN,NaN,NaN,NaN,NaN,NaN,NaN,NaN,NaN,NaN,NaN,NaN,NaN,NaN,NaN,NaN,NaN,NaN,NaN,NaN,NaN,NaN,NaN,NaN,NaN,NaN,NaN,NaN,NaN,2.883821e6,3.135408e6,3.210103e6,1.16266e7,1.2095062e7,1.5453147e7,2.3309714e7,3.1393169e7,4.0569503e7,3.9890769e7,4.0666189e7,4.3959596e7,4.5236146e7,7.6697948e7,4.4007879e7,3.2740272e7,2.7857367e7,2.6523665e7,2.9415079e7,4.3674694e7,8.3538098e7,8.795589e6,8.777349e6,8.936487e6,9.229979e6,1.0052345e7,1.0077086e7,1.0468433e7,1.038166e7,1.509903802e9,1.0810673e7,9.659488e6,NaN,NaN
Foreign income exclusion,NaN,NaN,NaN,NaN,NaN,NaN,NaN,NaN,NaN,NaN,NaN,NaN,NaN,NaN,NaN,NaN,NaN,NaN,NaN,NaN,NaN,NaN,NaN,NaN,NaN,NaN,NaN,NaN,NaN,NaN,NaN,NaN,NaN,NaN,NaN,NaN,NaN,NaN,NaN,NaN,NaN,NaN,NaN,NaN,NaN,NaN,NaN,NaN,NaN,NaN,NaN,NaN,NaN,1.2378254e8,7.072107e6,7.303049e6,7.788924e6,9.60969e6,1.116679e7,1.0657053e7,1.1096943e7,1.2284935e7,1.1982578e7,1.3170179e7,1.4936779e7,8.7575677e7,9.8046679e7,1.09396547e8,1.13845357e8,1.881848e6,4.192002e6,9.115329e6,3.22775121e8,3.3721062e8,3.56450905e8,3.5736349e8,3.74659e8,3.91975736e8,3.89078638e8,4.16010104e8,7.907550652e9,4.42854286e8,4.36378623e8,1.68152043e8,1.756023e8
Total taxable IRA distributions,NaN,NaN,NaN,NaN,NaN,NaN,NaN,NaN,NaN,NaN,NaN,NaN,NaN,NaN,NaN,NaN,NaN,NaN,NaN,NaN,NaN,NaN,NaN,NaN,NaN,NaN,NaN,NaN,NaN,NaN,NaN,NaN,NaN,NaN,NaN,NaN,NaN,NaN,NaN,NaN,NaN,NaN,NaN,NaN,NaN,NaN,NaN,NaN,NaN,NaN,NaN,NaN,NaN,NaN,0.0,0.0,3.3974231e7,3.4716129e7,3.5464254e7,2.7586208e7,2.0285055e7,1.9336423e7,1.9326824e7,1.7230102e7,4.3129155e7,6.2824777e7,7.5011556e7,7.9451741e7,8.079592e7,8.6369141e7,9.7019034e7,1.24079065e8,5.3068939e7,5.0157439e7,4.7800377e7,4.6536408e7,4.6614484e7,4.624556e7,4.6943304e7,4.9241288e7,NaN,4.8858437e7,5.1916142e7,5.6765983e7,9.4660459e7
Net operating loss,NaN,NaN,NaN,NaN,NaN,NaN,NaN,NaN,NaN,NaN,NaN,NaN,NaN,NaN,NaN,NaN,NaN,NaN,NaN,NaN,NaN,NaN,NaN,NaN,NaN,NaN,NaN,NaN,NaN,NaN,NaN,NaN,NaN,NaN,NaN,NaN,NaN,NaN,NaN,NaN,NaN,NaN,NaN,NaN,NaN,NaN,NaN,NaN,NaN,NaN,NaN,NaN,NaN,NaN,NaN,NaN,1.22710959e8,1.10226167e8,1.24841401e8,2.595138e6,2.743634e6,3.657121e6,5.856183e6,3.64828909e8,420312.0,8.8335605e7,1.01672181e8,1.12277199e8,1.24705552e8,1.47959327e8,1.62150226e8,1.35202708e8,1.90745678e8,2.01612206e8,2.23597024e8,2.43327448e8,2.61155939e8,2.77411075e8,2.85939053e8,3.09539629e8,3.4970717e7,3.60038769e8,3.74166924e8,0.0,0.0
Gambling earnings,NaN,NaN,NaN,NaN,NaN,NaN,NaN,NaN,NaN,NaN,NaN,NaN,NaN,NaN,NaN,NaN,NaN,NaN,NaN,NaN,NaN,NaN,NaN,NaN,NaN,NaN,NaN,NaN,NaN,NaN,NaN,NaN,NaN,NaN,NaN,NaN,NaN,NaN,NaN,NaN,NaN,NaN,NaN,NaN,NaN,NaN,NaN,NaN,NaN,NaN,NaN,NaN,NaN,NaN,NaN,NaN,NaN,NaN,NaN,NaN,NaN,2.21053045e8,2.38786811e8,2.59711251e8,3.5784096e8,1.3498758e7,1.5436171e7,1.8138463e7,1.9125097e7,2.0612089e7,2.1897797e7,2.0488202e7,1.0327231e7,1.3796728e7,1.242487e7,1.0013641e7,9.228543e6,6.954736e6,5.424398e6,6.247497e6,2.9715021e7,5.46027e6,4.953787e6,1.03535203e8,1.33596569e8
Ordinary dividends,NaN,NaN,NaN,NaN,NaN,NaN,NaN,NaN,NaN,NaN,NaN,NaN,NaN,NaN,NaN,NaN,NaN,NaN,NaN,NaN,NaN,NaN,NaN,NaN,NaN,NaN,NaN,NaN,NaN,NaN,NaN,NaN,NaN,NaN,NaN,NaN,NaN,NaN,NaN,NaN,NaN,NaN,NaN,NaN,NaN,NaN,NaN,NaN,NaN,NaN,NaN,NaN,NaN,NaN,NaN,NaN,NaN,NaN,NaN,NaN,NaN,NaN,NaN,NaN,NaN,6.207108793e9,6.78880513e9,7.422495663e9,8.030842945e9,8.687718769e9,8.26286017e9,7.626430723e9,1.19299058e8,1.2434325e8,1.34027907e8,1.3988207e8,1.45184115e8,1.50092952e8,1.5341391e8,1.1219164e7,3.2554968e7,262314.0,1.37166853e8,6.955173e6,4.047572e6
Qualified dividends,NaN,NaN,NaN,NaN,NaN,NaN,NaN,NaN,NaN,NaN,NaN,NaN,NaN,NaN,NaN,NaN,NaN,NaN,NaN,NaN,NaN,NaN,NaN,NaN,NaN,NaN,NaN,NaN,NaN,NaN,NaN,NaN,NaN,NaN,NaN,NaN,NaN,NaN,NaN,NaN,NaN,NaN,NaN,NaN,NaN,NaN,NaN,NaN,NaN,NaN,NaN,NaN,NaN,NaN,NaN,NaN,NaN,NaN,NaN,NaN,NaN,NaN,NaN,NaN,NaN,8.0994736e7,1.10500411e8,1.18980474e8,1.371958e8,1.55872285e8,1.58975193e8,1.23570203e8,8.089142092e9,8.374142977e9,9.100131381e9,9.093628703e9,9.771035412e9,1.0210310102e10,1.022593848e10,1.1009900155e10,1.1643439106e10,1.1966873976e10,1.2591788823e10,1.479561407e10,1.4833956956e10
Cancellation of debt,NaN,NaN,NaN,NaN,NaN,NaN,NaN,NaN,NaN,NaN,NaN,NaN,NaN,NaN,NaN,NaN,NaN,NaN,NaN,NaN,NaN,NaN,NaN,NaN,NaN,NaN,NaN,NaN,NaN,NaN,NaN,NaN,NaN,NaN,NaN,NaN,NaN,NaN,NaN,NaN,NaN,NaN,NaN,NaN,NaN,NaN,NaN,NaN,NaN,NaN,NaN,NaN,NaN,NaN,NaN,NaN,NaN,NaN,NaN,NaN,NaN,NaN,NaN,NaN,NaN,NaN,NaN,NaN,NaN,1.9888233e7,2.2891602e7,2.4461966e7,0.0,0.0,0.0,0.0,0.0,0.0,0.0,0.0,406148.0,0.0,0.0,1.05580403e8,1.33172174e8
Health savings account,NaN,NaN,NaN,NaN,NaN,NaN,NaN,NaN,NaN,NaN,NaN,NaN,NaN,NaN,NaN,NaN,NaN,NaN,NaN,NaN,NaN,NaN,NaN,NaN,NaN,NaN,NaN,NaN,NaN,NaN,NaN,NaN,NaN,NaN,NaN,NaN,NaN,NaN,NaN,NaN,NaN,NaN,NaN,NaN,NaN,NaN,NaN,NaN,NaN,NaN,NaN,NaN,NaN,NaN,NaN,NaN,NaN,NaN,NaN,NaN,NaN,NaN,NaN,NaN,NaN,NaN,NaN,NaN,NaN,NaN,NaN,NaN,1.39611242e8,1.20111673e8,1.11789613e8,1.00648711e8,9.389428e7,9.5881223e7,9.6640233e7,1.06055367e8,0.0,1.53253476e8,1.27375994e8,4.08382461e8,4.3777558e8
Repatriated deferred income,NaN,NaN,NaN,NaN,NaN,NaN,NaN,NaN,NaN,NaN,NaN,NaN,NaN,NaN,NaN,NaN,NaN,NaN,NaN,NaN,NaN,NaN,NaN,NaN,NaN,NaN,NaN,NaN,NaN,NaN,NaN,NaN,NaN,NaN,NaN,NaN,NaN,NaN,NaN,NaN,NaN,NaN,NaN,NaN,NaN,NaN,NaN,NaN,NaN,NaN,NaN,NaN,NaN,NaN,NaN,NaN,NaN,NaN,NaN,NaN,NaN,NaN,NaN,NaN,NaN,NaN,NaN,NaN,NaN,NaN,NaN,NaN,NaN,NaN,NaN,NaN,NaN,NaN,NaN,6.9637956e7,1.28582739e8,8.8112985e7,NaN,NaN,NaN
IRAs plus pensions and annuities,NaN,NaN,NaN,NaN,NaN,NaN,NaN,NaN,NaN,NaN,NaN,NaN,NaN,NaN,NaN,NaN,NaN,NaN,NaN,NaN,NaN,NaN,NaN,NaN,NaN,NaN,NaN,NaN,NaN,NaN,NaN,NaN,NaN,NaN,NaN,NaN,NaN,NaN,NaN,NaN,NaN,NaN,NaN,NaN,NaN,NaN,NaN,NaN,NaN,NaN,NaN,NaN,NaN,NaN,NaN,NaN,NaN,NaN,NaN,NaN,NaN,NaN,NaN,NaN,NaN,NaN,NaN,NaN,NaN,NaN,NaN,NaN,NaN,NaN,NaN,NaN,NaN,NaN,NaN,NaN,8.52362886e8,NaN,NaN,NaN,NaN
Limitation on business losses,NaN,NaN,NaN,NaN,NaN,NaN,NaN,NaN,NaN,NaN,NaN,NaN,NaN,NaN,NaN,NaN,NaN,NaN,NaN,NaN,NaN,NaN,NaN,NaN,NaN,NaN,NaN,NaN,NaN,NaN,NaN,NaN,NaN,NaN,NaN,NaN,NaN,NaN,NaN,NaN,NaN,NaN,NaN,NaN,NaN,NaN,NaN,NaN,NaN,NaN,NaN,NaN,NaN,NaN,NaN,NaN,NaN,NaN,NaN,NaN,NaN,NaN,NaN,NaN,NaN,NaN,NaN,NaN,NaN,NaN,NaN,NaN,NaN,NaN,NaN,NaN,NaN,NaN,NaN,NaN,8.1317136e7,3.2497151e8,NaN,NaN,NaN
Global intangible low-tax income,NaN,NaN,NaN,NaN,NaN,NaN,NaN,NaN,NaN,NaN,NaN,NaN,NaN,NaN,NaN,NaN,NaN,NaN,NaN,NaN,NaN,NaN,NaN,NaN,NaN,NaN,NaN,NaN,NaN,NaN,NaN,NaN,NaN,NaN,NaN,NaN,NaN,NaN,NaN,NaN,NaN,NaN,NaN,NaN,NaN,NaN,NaN,NaN,NaN,NaN,NaN,NaN,NaN,NaN,NaN,NaN,NaN,NaN,NaN,NaN,NaN,NaN,NaN,NaN,NaN,NaN,NaN,NaN,NaN,NaN,NaN,NaN,NaN,NaN,NaN,NaN,NaN,NaN,NaN,NaN,1.62564243e9,3.6212816e7,NaN,NaN,NaN
C4Services,NaN,NaN,NaN,NaN,NaN,NaN,NaN,NaN,NaN,NaN,NaN,NaN,NaN,NaN,NaN,NaN,NaN,NaN,NaN,NaN,NaN,NaN,NaN,NaN,NaN,NaN,NaN,NaN,NaN,NaN,NaN,NaN,NaN,NaN,NaN,NaN,NaN,NaN,NaN,NaN,NaN,NaN,NaN,NaN,NaN,NaN,NaN,NaN,NaN,NaN,NaN,NaN,NaN,NaN,NaN,NaN,NaN,NaN,NaN,NaN,NaN,NaN,NaN,NaN,NaN,NaN,NaN,NaN,NaN,NaN,NaN,NaN,NaN,NaN,NaN,NaN,NaN,NaN,NaN,NaN,NaN,NaN,1.3786045e7,NaN,NaN
