Tax year,1975,1976,1977,1978,1979,1980,1981,1982,1983,1984,1985,1986,1987,1988,1989,1990,1991,1992,1993,1994,1995,1996,1997,1998,1999,2000,2001,2002,2003,2004,2005,2006,2007,2008,2009,2010,2011,2012,2013,2014,2015,2016,2017,2018,2019,2020,2021,2022
Number of partnerships,1073094,NaN,NaN,1234157,NaN,1379654,1460502,1514212,1541539,1643581,1713603,1702952,1648032,1654245,1635164,1553529,1515345,1484752,1467567,1493963,1580900,1654256,1758627,1855348,1936919,2057500,2132117,2242169,2375375,2546877,2763625,2947116,3096334,3146006,3168728,3248481,3285177,3388561,3460699,3611255,3715187,3763117,3905335,4010200,3821470,4280690,4467584,4500186
   Number of partners,NaN,NaN,NaN,6121455,NaN,8419899,12225123,9764667,10589338,12426721,13244824,15228530,16963258,17291178,18431918,17094966,15801047,15734691,15626848,14989505,15605686,15662298,16183715,15663372,15924404,13659967,14231604,14328108,14108458,15556553,16211908,16727803,18515694,19300250,21141979,22428047,24389807,25333616,27491241,27714478,27093015,28163819,27500929,27448391,25269018,28246795,30624451,28797574
Partnerships reporting balance sheet data:,NaN,NaN,NaN,NaN,NaN,NaN,NaN,NaN,NaN,NaN,NaN,NaN,NaN,NaN,NaN,NaN,NaN,NaN,NaN,NaN,NaN,NaN,NaN,NaN,NaN,NaN,NaN,NaN,NaN,NaN,NaN,NaN,NaN,NaN,NaN,NaN,NaN,NaN,NaN,NaN,NaN,NaN,NaN,NaN,NaN,NaN,NaN,
   Number of partnerships,NaN,NaN,NaN,NaN,NaN,NaN,NaN,NaN,NaN,NaN,NaN,NaN,NaN,NaN,NaN,NaN,NaN,975330,976967,987504,1053139,1129580,1211006,1303970,1392405,1504978,1591450,1682072,1768302,1890134,2195814,2195814,2342664,2372838,2378615,2413306,2474044,2540028,2551456,2743876,2771012,2842119,2961807,3021683,2910458,3220547,3413850,3431910
   Number of partners,NaN,NaN,NaN,NaN,NaN,NaN,NaN,NaN,NaN,NaN,NaN,NaN,NaN,NaN,NaN,NaN,NaN,13492850,13117383,12670748,13309111,13033369,13080094,12647463,11868041,10997133,11980809,11912262,11788129,12989001,14206709,14206709,15882790,16654321,18397525,19866051,21779003,22747559,24307025,23965867,23875553,25146808,24060789,24014222,21710460,24981177,27107788,25376338
Total assets,NaN,NaN,NaN,353696180,NaN,597503923,715232726,845281449,886992767,1030848519,1269434302,1403750213,1381296736,1580194209,1791027273,1685223450,1816567895,1907344453,2118268141,2295212222,2718647742,3368165845,4171498832,5126548007,5998952883,6694142838,8428217379,8866560101,9675052728,11607698140,13734256305,17146275372,20386133966,19259803843,18798108367,19820206570,20574459139,22014928866,24163126120,26128933308,27366266830,28950043266,32403619868,34348006740,36048324019,43182900507,50832008026,52530130780
      Cash,NaN,NaN,NaN,13884746,NaN,20372610,21039753,23347081,NaN,NaN,NaN,NaN,NaN,59815618,62785635,61612527,63382784,67798312,79601201,89468559,96230699,124321426,149169560,181853173,217624508,262730114,341943005,403493682,412617128,498678562,723469011,723469011,912437146,1123130066,968070198,1020462381,1136045788,1066981227,1166969742,1249156699,1284945654,1329101516,1400907077,1454101690,1399057722,1911042623,2285086251,2254617631
      Notes and accounts recievable,NaN,NaN,NaN,25299171,NaN,40360541,36362860,38254789,NaN,NaN,NaN,NaN,NaN,71326331,77224078,82481044,84807814,98327332,112166670,132697118,160689273,217826767,269234797,342827502,392065104,432129579,543298800,534791029,523616923,613117125,848375657,848375657,837186359,918064190,674500280,811630309,706205640,810689885,777826685,768151318,784715852,853409501,939568764,966687944,888406567,1112957979,1219033262,1337234157
             Less: Allowance for bad debts,NaN,NaN,NaN,232454,NaN,262071,354839,412656,NaN,NaN,NaN,NaN,NaN,1138288,1315991,1564754,1640205,2019847,2345802,2725168,3323099,3790817,5411782,6147687,7476510,9488129,11980083,12667511,11984877,12313591,17091120,17091120,17419682,22240072,22654804,29978138,19595995,27584783,19825973,21281732,25564542,28858693,42967760,28941621,31625964,38107724,42620429,41472424
      Inventories,NaN,NaN,NaN,17202990,NaN,33218272,59649950,100728688,NaN,NaN,NaN,NaN,NaN,51151852,59442619,56507062,56845071,61865690,71278725,76305276,88050194,136707577,147387132,175963423,174078288,149875359,208165141,202669386,213605408,275807149,445560371,445560371,338632126,430585792,277271147,277105259,285098559,304131610,313310248,330745639,343441047,367003652,378005853,411089286,391412768,438065984,462734368,521143032
      U.S. Government obligations,NaN,NaN,NaN,NaN,NaN,NaN,NaN,NaN,NaN,NaN,NaN,NaN,NaN,NaN,NaN,NaN,42603739,45380384,37638620,58152390,45119043,56441878,83417691,95751535,79242006,72847344,156329646,114419244,52257269,74315976,69840992,69840992,77865699,118037343,146948194,130252653,163157351,193755714,176195295,174879883,138258559,151887462,137978265,132135358,96606532,119581776,144473836,88426623
      Federal and State Government Obligations,NaN,NaN,NaN,NaN,NaN,NaN,NaN,NaN,NaN,NaN,NaN,NaN,NaN,13667028,15746202,22245841,NaN,NaN,NaN,NaN,NaN,NaN,NaN,NaN,NaN,NaN,NaN,NaN,NaN,NaN,NaN,NaN,NaN,NaN,NaN,NaN,NaN,NaN,NaN,NaN,NaN,NaN,NaN,NaN,NaN,NaN,NaN,
      Tax-exempt securities,NaN,NaN,NaN,NaN,NaN,NaN,NaN,NaN,NaN,NaN,NaN,NaN,NaN,NaN,1976970,3704222,5228622,6501462,18721433,19627977,19983375,21061451,23306980,28122641,23148356,26282710,33497189,47407748,46846731,54270177,45092979,45092979,52863110,88748103,51105878,36599391,46928950,56401083,48250857,45364519,36788951,44752510,42341813,41510810,33657657,42715378,39480530,25848577
      Government obligations: ,NaN,NaN,NaN,NaN,NaN,NaN,NaN,42783670,NaN,NaN,NaN,NaN,NaN,NaN,NaN,NaN,NaN,NaN,NaN,NaN,NaN,NaN,NaN,NaN,NaN,NaN,NaN,NaN,NaN,NaN,NaN,NaN,NaN,NaN,NaN,NaN,NaN,NaN,NaN,NaN,NaN,NaN,NaN,NaN,NaN,NaN,NaN,
             United States and instrumentalities,NaN,NaN,NaN,5974036,NaN,13441208,24344000,NaN,NaN,NaN,NaN,NaN,NaN,NaN,NaN,NaN,NaN,NaN,NaN,NaN,NaN,NaN,NaN,NaN,NaN,NaN,NaN,NaN,NaN,NaN,NaN,NaN,NaN,NaN,NaN,NaN,NaN,NaN,NaN,NaN,NaN,NaN,NaN,NaN,NaN,NaN,NaN,
             State and local,NaN,NaN,NaN,1174738,NaN,1346169,2629684,NaN,NaN,NaN,NaN,NaN,NaN,NaN,NaN,NaN,NaN,NaN,NaN,NaN,NaN,NaN,NaN,NaN,NaN,NaN,NaN,NaN,NaN,NaN,NaN,NaN,NaN,NaN,NaN,NaN,NaN,NaN,NaN,NaN,NaN,NaN,NaN,NaN,NaN,NaN,NaN,
                   Other current assets,NaN,NaN,NaN,14895523,NaN,46575129,53983710,48487294,NaN,NaN,NaN,NaN,NaN,96989881,118300619,117510203,138732750,150995078,196302585,209834317,258554045,333273684,423027007,698212296,825988164,835357482,1259500510,1354308431,1540760763,2028065591,2957652176,2957652176,3643002319,3141466326,2551973943,2219920404,2382402022,2207929564,2386425428,2465278938,2511974003,2675640972,2762361461,2855548669,2792928244,3241704992,3653951953,3942624036
                   Loans to partners,NaN,NaN,NaN,NaN,NaN,NaN,NaN,NaN,NaN,NaN,NaN,NaN,NaN,NaN,NaN,NaN,NaN,NaN,NaN,NaN,NaN,NaN,NaN,NaN,NaN,NaN,NaN,NaN,NaN,NaN,NaN,NaN,NaN,NaN,NaN,NaN,49500324,69494272,73824730,94866511,115093324,137146937,147201470,129989963,101511168,172644759,196981777,229062307
            Mortgage and real estate loans,NaN,NaN,NaN,11477659,NaN,23485156,28971531,32137656,NaN,NaN,NaN,NaN,NaN,61413677,50921438,45769931,39771312,38464029,37429522,38306156,37381887,40960404,42842430,51286430,47926495,60382195,71183184,77220421,105845216,107160178,165839279,165839279,127405182,109137131,81703653,100375078,95100384,89930337,84019097,89098321,97901402,110474637,115341955,132486552,125842742,169153485,200720928,171101341
      Other investments,NaN,NaN,NaN,31812337,NaN,57155338,58274944,70120737,NaN,NaN,NaN,NaN,NaN,150886693,189697253,199254854,280296126,327952162,447707676,517651306,745837258,1023058296,1373216350,1582073494,1975875436,2275321707,2884204213,2969340381,3477856582,4316049463,7021223598,7021223598,8893076708,7123372146,8073679866,9057559534,9349721463,10517957476,11970487462,13151034753,13723024859,14311848711,16709376635,17907554550,19986005955,24023890930,29531354071,29859293129
      Buildings and other depreciable assets,NaN,NaN,NaN,219149769,NaN,330110060,367270152,430664015,NaN,NaN,NaN,NaN,NaN,933428499,1002296389,1032723957,1075230258,1109597775,1140428264,1181632157,1270121637,1376611687,1544813491,1750871004,1960773804,2189662764,2417039254,2659690570,2761437158,2948381100,3572315411,3572315411,3990833845,4526448207,4554850898,4775573906,4983712438,5313571562,5636702733,6060241038,6513921201,6997287084,7617420716,7944087250,7835528465,9127954607,9633716865,10369875732
            Less: Accumulated depreciation,NaN,NaN,NaN,60422032,NaN,90970237,102429260,119817639,NaN,NaN,NaN,NaN,NaN,311608789,332532823,351314177,378894808,408664245,442306350,469116271,503343604,528200362,564601996,597648505,646522376,702480746,770561813,868178729,915922515,959912624,1082192661,1082192661,1125912938,1272889684,1374133763,1512533614,1647115595,1743125198,1838216058,1967698084,2091368210,2246756528,2432309693,2564404399,2520327202,3040272162,3159939538,3401216734
      Depletable assets,NaN,NaN,NaN,4411376,NaN,7974663,10597413,15809178,NaN,NaN,NaN,NaN,NaN,28360075,27240020,25695829,26133917,26374352,26729112,26489677,35550034,35246433,37825356,43249827,44518863,53546562,56809127,62847340,62810645,72815224,92843826,92843826,93201386,129980778,134565534,177052752,212232528,245925143,302697788,349536576,347222594,366102090,400021507,416207378,410434853,396221241,353478982,390860457
            Less: Accumulated depletion,NaN,NaN,NaN,815906,NaN,1107296,1403223,2157991,NaN,NaN,NaN,NaN,NaN,6697886,7401730,6633705,7127061,7964561,8408111,8805962,14445818,13699088,14935070,18141129,14570019,15989910,17182017,19713300,20326268,24689867,24969983,24969983,21624723,30895497,34274792,44505081,46256590,59601862,69905389,87874908,129272256,130886395,141436358,135771076,151266590,167979636,137713026,142269785
      Land,NaN,NaN,NaN,46442485,NaN,70241248,76333446,87820308,NaN,NaN,NaN,NaN,NaN,200268647,213854531,214757035,212850061,212808128,206500951,208059762,221172841,232302952,256622698,291171287,326371562,358625577,392090094,423177429,454765198,509408430,730875334,730875334,820122518,884587282,891573347,912941355,922404080,957193458,1000611500,1069052409,1142884446,1199528952,1306637780,1358823350,1338869636,1529279674,1613903574,1797570132
      Intangible assets,NaN,NaN,NaN,3230969,NaN,6730513,10404353,12816999,NaN,NaN,NaN,NaN,NaN,62595734,68578844,70184397,70921015,83293245,90595009,97736822,112873973,132086686,153682870,192982429,239697452,308136685,353134969,363634755,392420373,437492109,592178961,592178961,659333106,743754908,722751237,726329039,800069987,882907597,935840649,1023340567,1163641233,1314823917,1481825645,1577528205,1546529981,1757012807,1992438781,2330939707
            Less: Accumulated amoritization,NaN,NaN,NaN,1061087,NaN,2169740,3520871,3857717,NaN,NaN,NaN,NaN,NaN,24326410,27575030,28196018,29884872,33512503,36888240,39531112,41818039,45233527,49381300,52179614,55309349,66673266,80702435,90657665,89028884,91567848,107111131,107111131,118876478,142044682,148129659,159624968,170548597,186608675,193878005,211538070,229817949,252973511,279136902,309756116,311614148,401108619,418278371,525423515
      Other assets,NaN,NaN,NaN,21271862,NaN,41002361,73079123,68557036,NaN,NaN,NaN,NaN,NaN,194061550,271788247,140485203,137311388,130147660,143116894,159429218,190014042,229190398,301282617,366299901,415521098,463876812,591448595,644776888,667475879,760620987,1112372673,1112372673,1224008286,1390561505,1248307210,1321046308,1325396402,1314980457,1411789331,1546578930,1638476661,1750510450,1860481640,2059128948,2116365632,2788142412,3263204211,3321916378
Total liabilities and capital,NaN,NaN,NaN,353696180,NaN,597503923,715232570,845281413,NaN,NaN,NaN,NaN,NaN,1580194209,1791027273,1685223450,1616567896,1907344453,2118268141,2295212222,2718647742,3368165845,4171498832,5126548007,5998952883,6694142838,8428217379,8866560101,9675052728,11607698140,17146275372,17146275372,20386133966,19259803843,18798108367,19820206570,20574459139,22014928866,24163126120,26128933308,27366266830,28950043266,32403619868,34348006740,36048324019,43182900507,50832008026,52530130780
       Accounts payable,NaN,NaN,NaN,20943025,NaN,33899048,29092451,37254748,NaN,NaN,NaN,NaN,NaN,48882276,51695075,62401908,63088121,79336897,79764998,81057259,90603965,121243113,159411026,190689535,243769049,229893243,361748491,346350802,275560392,336393755,505211961,505211961,430034492,513208421,444390050,492466297,504493070,509016113,533473648,537406923,529084246,582851973,618376583,621403829,566181478,741424108,755704686,844748488
"       Mortgages, notes, bonds payable in less than one year",NaN,NaN,NaN,27810649,NaN,48001839,55691914,73277805,NaN,NaN,NaN,NaN,NaN,86552615,86933328,87570916,116758131,114638421,131148176,125644085,123961301,125889105,126794298,229922243,231808501,252226751,289248638,282684863,273570095,296350178,455621208,455621208,564662688,581693016,432206038,480916174,393589703,326059271,306330841,328111955,351264544,407009913,432531915,452494680,449880826,484300026,493119176,482022713
       Other current liabilities,NaN,NaN,NaN,16804131,NaN,61505617,106336090,129948913,NaN,NaN,NaN,NaN,NaN,86330374,110064162,123879764,168806041,207273367,272979891,290537838,425069642,663329069,839613535,931060110,962470987,923893453,1575392553,1545790568,1761713210,2361630275,3707452028,3707452028,4117267980,3611505624,2805449851,2640691764,2745714787,2806532947,3216716115,3447604886,3495987000,3926840111,4317411403,4968171524,5372874959,5846647422,6419913814,6679863589
       All nonrecourse loans,NaN,NaN,NaN,83746916,NaN,118910380,138134304,154508961,NaN,NaN,NaN,NaN,NaN,436916024,461008315,470139911,474221624,475615076,477709746,463311873,465744743,474197941,492364600,523403560,582151975,639417006,699883406,770277980,799599369,854466687,1102572590,1102572590,1210101896,1283259523,1281654052,1225305419,1212525105,1212390621,1224931576,1254352302,1269695686,1317580568,1378049828,1462092517,1489435134,1627492115,1727577873,1849036548
        Loans from partners,NaN,NaN,NaN,NaN,NaN,NaN,NaN,NaN,NaN,NaN,NaN,NaN,NaN,NaN,NaN,NaN,NaN,NaN,NaN,NaN,NaN,NaN,NaN,NaN,NaN,NaN,NaN,NaN,NaN,NaN,NaN,NaN,NaN,NaN,NaN,NaN,139111031,179500158,201449049,259673194,293521710,322036189,337279018,303558071,288210061,416698949,426808524,455317380
"       Mortgages, notes, bonds payable in one year or more",NaN,NaN,NaN,114942633,NaN,178044406,196508937,236218378,NaN,NaN,NaN,NaN,NaN,473597425,512127625,496727132,490848692,486374218,488793170,508307609,544253482,607075733,705768931,884452445,988667751,1132180865,1286392538,1375077274,1389224345,1545671581,2226995104,2226995104,2555749230,2767081324,2737341531,2692942535,2559485500,2705801158,2717030076,2993283748,3221869377,3477198579,3844382673,4063880736,4135655218,4780251785,5252022004,5924892257
       Other liabilities,NaN,NaN,NaN,28803143,NaN,48372734,54270061,70421961,NaN,NaN,NaN,NaN,NaN,180808548,213417185,128715928,146547285,144974951,169234813,193082501,236854930,243163159,334060387,391320476,444318126,517896863,622469445,651855431,803492634,853440065,1352233911,1352233911,1562200795,1410611225,1383969620,1461928613,1383980355,1537891328,1640789556,1804837348,1857560452,1988428138,2196830961,2474257706,2639299613,3202014399,3973726434,4089676021
       Partners' capital accounts,NaN,NaN,NaN,60645684,NaN,108769900,135198813,143650646,NaN,NaN,NaN,NaN,NaN,267106948,355781582,315787891,356502000,399131522,498637347,633271057,832159680,1133267724,1513486056,1975699638,2545766494,2998634658,3593082308,3894523181,4371892684,5359745599,7796188572,7796188572,9946116885,9092444710,9713097224,10825955766,11635559587,12737737269,14322405258,15503662951,16347283814,16928097795,19278757487,20002147676,21106786729,26084071702,31783135515,32204573785
Income and deductions from a trade or business: ,NaN,NaN,NaN,NaN,NaN,NaN,NaN,NaN,NaN,NaN,NaN,NaN,NaN,NaN,NaN,NaN,NaN,NaN,NaN,NaN,NaN,NaN,NaN,NaN,NaN,NaN,NaN,NaN,NaN,NaN,NaN,NaN,NaN,NaN,NaN,NaN,NaN,NaN,NaN,NaN,NaN,NaN,NaN,NaN,NaN,NaN,NaN,
   Total income,NaN,NaN,NaN,NaN,NaN,NaN,NaN,NaN,NaN,NaN,NaN,NaN,NaN,498378098,505222543,518994886,515461121,551549871,606190516,703827410,814704090,1002579987,1249789312,1474879256,1754972413,2218639870,2462461787,2582060669,2722174031,3021683261,3553589456,3912905087,4243833029,4700988521,3886378923,4280931741,4787734130,5081418395,5449360304,5603166669,5295334204,5336204494,5950274413,6432734325,5904091783,6542271248,7772495609,9212793590
Receipts and deductions from trade or business: [1],NaN,NaN,NaN,NaN,NaN,NaN,NaN,NaN,NaN,NaN,NaN,NaN,NaN,NaN,NaN,NaN,NaN,NaN,NaN,NaN,NaN,NaN,NaN,NaN,NaN,NaN,NaN,NaN,NaN,NaN,NaN,NaN,NaN,NaN,NaN,NaN,NaN,NaN,NaN,NaN,NaN,NaN,NaN,NaN,NaN,NaN,NaN,
Total Receipts,148417529,NaN,NaN,219192109,NaN,291998116,272129807,296690303,291318703,375192511,367117315,397302544,442802234,NaN,NaN,NaN,NaN,NaN,NaN,NaN,NaN,NaN,NaN,NaN,NaN,NaN,NaN,NaN,NaN,NaN,NaN,NaN,NaN,NaN,NaN,NaN,NaN,NaN,NaN,NaN,NaN,NaN,NaN,NaN,NaN,NaN,NaN,
     Business receipts,142505781,NaN,NaN,207731266,NaN,271108833,230027336,251608987,243248370,318342380,302733374,327428647,411457126,463956020,464951817,483417504,483164395,514827003,560999120,656158602,760617695,915844404,1141963405,1356655904,1615762245,2061764235,2278200526,2414187093,2545612266,2818861323,3280057197,3571281520,3847033858,4343871123,3562275066,3946423948,4454568856,4689702874,5068975400,5185510381,4877414510,4918666446,5459610621,5904280531,5397435883,5902136847,7016021357,8339604045
     Ordinary income from other partnerships and fiduciaries,391887,NaN,NaN,829508,NaN,1277313,1862539,1976512,3551280,4136685,4894652,4716373,3909729,4959791,6503902,6014742,5421029,7150284,9580608,9700952,12499163,20363506,22888919,24959557,32216736,34396143,37145568,32370871,38860842,48711241,74562696,87011698,102398987,94616213,87691226,94549769,98016975,122584647,127818631,145221603,139229298,146568309,161355348,177348686,175563169,206878369,291280441,368498190
     Nonqualifying dividends and interest received,2497808,NaN,NaN,4417337,NaN,11053204,16521153,15259801,15006055,16651205,20558966,21715994,NaN,NaN,NaN,NaN,NaN,NaN,NaN,NaN,NaN,NaN,NaN,NaN,NaN,NaN,NaN,NaN,NaN,NaN,NaN,NaN,NaN,NaN,NaN,NaN,NaN,NaN,NaN,NaN,NaN,NaN,NaN,NaN,NaN,NaN,NaN,
     Rents received,649343,NaN,NaN,914937,NaN,1179617,12211547,14715048,16435507,19112866,22011177,23096566,NaN,NaN,NaN,NaN,NaN,NaN,NaN,NaN,NaN,NaN,NaN,NaN,NaN,NaN,NaN,NaN,NaN,NaN,NaN,NaN,NaN,NaN,NaN,NaN,NaN,NaN,NaN,NaN,NaN,NaN,NaN,NaN,NaN,NaN,NaN,
     Royalties ,279433,NaN,NaN,410315,NaN,722627,712667,1217811,974573,1139586,1227808,1278856,NaN,NaN,NaN,NaN,NaN,NaN,NaN,NaN,NaN,NaN,NaN,NaN,NaN,NaN,NaN,NaN,NaN,NaN,NaN,NaN,NaN,NaN,NaN,NaN,NaN,NaN,NaN,NaN,NaN,NaN,NaN,NaN,NaN,NaN,NaN,
     Farm net profit,23349,NaN,NaN,30352,NaN,19700,1918127,1746014,1696998,1587326,1856781,1743021,6501873,2558984,2452962,2234751,2796101,2561945,2594695,2534196,2532276,2967005,3245297,2857055,3510762,2758099,3080330,2892121,3434024,3545288,4677412,4916630,4916630,7466233,6766782,5889089,8614611,10839758,9566052,11103632,NaN,NaN,NaN,NaN,NaN,NaN,NaN,
"     Net gain, noncapital assets",359566,NaN,NaN,957426,NaN,1101631,1961662,1284962,1704228,2892749,2226999,3333255,2669190,5656928,2956310,3882967,2022921,2048877,3435093,3002209,3196462,4593655,4894940,6478634,6651584,7165980,6664457,6980473,7393459,10414041,13554033,15157978,15157978,17695771,13132365,21931795,21342803,28016551,24909006,26841902,28409855,29404062,42324714,49562115,44333012,61406192,75936595,74895264
     Other income,NaN,NaN,NaN,NaN,NaN,NaN,NaN,NaN,NaN,NaN,NaN,NaN,NaN,21246375,28357553,23444922,22056675,24963762,29581000,32431451,35858494,58811418,76796751,83928106,96831086,112555413,137370907,125630111,126873441,140151368,180738118,234537262,234537262,237339181,216513485,212137140,205190886,230274565,218091214,234489152,250280540,241565677,286983731,301542993,286759719,371849840,389257218,429796091
     Other receipts,1680362,NaN,NaN,3900968,NaN,5535192,6914777,8881168,8701692,11329715,11607558,13989833,18264316,NaN,NaN,NaN,NaN,NaN,NaN,NaN,NaN,NaN,NaN,NaN,NaN,NaN,NaN,NaN,NaN,NaN,NaN,NaN,NaN,NaN,NaN,NaN,NaN,NaN,NaN,NaN,NaN,NaN,NaN,NaN,NaN,NaN,NaN,
   Total deductions,140679959,NaN,NaN,204745300,NaN,283749460,274864690,304004833,293928744,378692535,376000991,414673405,423498884,464991155,475433817,493468105,490432721,513276112,554772390,647522965,753845785,912722215,1156922964,1386111725,1647491152,2099471504,2348244173,2455848170,2567688119,2815180739,3244612319,3555849670,3555849670,4590182624,3748565614,4026378206,4531982601,4689190348,5061753548,5162594042,4915397618,4981480470,5591329131,6055822095,5611453035,6225702711,7111034417,8365174008
      Cost of goods sold,64672843,NaN,NaN,87217203,NaN,113885668,130043609,144595111,125330745,180857822,146315315,164167707,237156859,252590549,232797570,242448195,236500500,248626073,272502902,335144653,395322385,486257935,625197285,737235839,902157018,1225628897,1338114656,1430213629,1522806503,1666146493,1975816361,2108966781,2108966781,2717033028,2054661677,2335999179,2731677851,2827546739,3086677980,3065992261,2695613646,2660228603,3011968907,3343267462,2878254035,3255992777,3846985340,4758754037
"       Inventory, beginning of year",7667585,NaN,NaN,NaN,NaN,13255671,16141130,25307927,NaN,41480731,25442509,24831895,28361810,37216939,41302678,42868069,43652870,42973268,46659746,46602083,54702293,60401434,70441911,87546927,95687355,112799938,128324181,175335232,142614381,154642984,183499132,215719281,215719281,278201115,270959003,249741778,250076875,262415671,267727307,292403115,291139488,299870537,329035539,334150156,317773547,384177586,364654545,417421630
       Purchases,42608734,NaN,NaN,NaN,NaN,70439607,92136914,96111197,NaN,100358781,91925923,100010383,167977884,173024428,137011049,140521621,134086152,150034393,163167689,210803531,256546960,321340188,427050241,461144704,585068938,797038243,887515286,903589600,987652150,1130541265,1328185749,1412030108,1412030108,1844775281,1389292787,1613898628,1976008984,2029823293,2256721854,2207221054,1884856950,1852866663,2084429237,2367367406,1947050485,2205968929,2767119019,3279771433
       Cost of labor,4585836,NaN,NaN,NaN,NaN,7015547,5835683,7183865,NaN,7826231,8845106,9789253,9975053,11535738,13378307,13924993,14188250,14826792,16208644,18528257,20080458,22890832,28794257,33411962,42089216,46714175,53029403,58736031,63434283,67483580,80010457,91460084,91460084,113546251,100075751,105454543,113840087,127120016,137000237,148468563,154316206,157223744,167570200,180398126,182557305,202508740,212289664,258584088
       Materials and supplies,3321427,NaN,NaN,NaN,NaN,5603874,6161003,6549014,NaN,NaN,NaN,NaN,NaN,NaN,NaN,NaN,NaN,NaN,NaN,NaN,NaN,NaN,NaN,NaN,NaN,NaN,NaN,NaN,NaN,NaN,NaN,NaN,NaN,NaN,NaN,NaN,NaN,NaN,NaN,NaN,NaN,NaN,NaN,NaN,NaN,NaN,NaN,
       Additional inventory costs (Section 283A),NaN,NaN,NaN,NaN,NaN,NaN,NaN,NaN,NaN,NaN,NaN,NaN,1265482,1497345,2327873,2416391,2480289,2613430,3107862,3992791,4549020,5537922,7603756,7916276,8870107,8521473,10498054,12337529,13314217,17784635,21841617,19706569,19706569,16839442,14702790,14052892,12638235,15901153,15959197,16654461,16899796,14587234,17628083,22676595,21000598,24673427,23791735,31987328
       Other costs,14641288,NaN,NaN,NaN,NaN,32260929,32435993,32147879,NaN,70638082,47380973,57000019,61270873,65539407,76889047,83210972,81294468,81737431,89417903,103941827,117877969,142196666,171093990,242604643,281530830,386508986,394187103,418483634,467575762,480674356,588093699,626794373,626794373,744413006,530951167,606159347,644144846,666736558,696943112,703725166,649265349,659888290,761277666,802742121,742520136,821966625,900246099,1248599863
"       Less:  inventory, end of year",8152127,NaN,NaN,NaN,NaN,14689960,22667114,22704771,NaN,39446014,27279196,27463816,31659239,41105534,44593538,45271389,42804203,46261566,48878070,50754489,60813341,69912625,84813771,99669214,115689924,129428537,138604738,142329934,153053073,186762966,228775948,259131558,259131558,284783978,251319822,253308009,265031176,274449952,287673727,302480098,305950278,324207866,347971819,364066943,332648035,383302529,421115723,477610305
     Salaries and wages,12489039,NaN,NaN,16585456,NaN,22336337,21952655,23204883,24733780,28522626,33884204,36304654,40676362,47098641,54051875,56025118,57907843,61761245,65374814,70069247,80292538,94181234,115199593,142910961,169905010,201350844,230874139,237882426,244927745,268806663,293216548,331851279,331851279,403229369,389650325,405359065,435594782,462762450,501819254,541453609,577746711,606596550,657088598,700374995,712051408,774967319,872118799,991848964
        Less: jobs credit,NaN,NaN,NaN,NaN,NaN,19815,91418,15583,13480,22515,16511,41169,2785107,266027,281388,26244,17805,11129,15225,NaN,NaN,NaN,NaN,NaN,NaN,NaN,NaN,NaN,NaN,NaN,NaN,NaN,NaN,NaN,NaN,NaN,NaN,NaN,NaN,NaN,NaN,NaN,NaN,NaN,NaN,NaN,NaN,
     Guaranteed payments to partners,2649186,NaN,NaN,3500460,NaN,4746253,5212661,5350678,5838956,7517503,7694236,7237781,7212214,8059223,9748284,8829449,9849016,9945449,10398313,10918683,12353212,13683193,15528514,18268692,21102416,24301557,26762540,28147265,28472046,32213217,36717580,41759375,41759375,51827098,48003745,50008233,53519934,57864841,61787892,67100175,67146214,70245218,73904399,68967435,68845819,74044266,81086502,81949505
     Rent paid,3626571,NaN,NaN,5154353,NaN,6631627,4985675,5693874,6224359,7533299,8537160,9479021,8983537,10578657,12018268,13034650,13692816,14022168,14949902,15637877,17331831,19344223,23466746,27757094,31042897,35932443,42276815,44598862,46442451,50402698,55895492,62379198,62379198,74626236,73739226,78353244,80604298,82531969,89139680,92197088,101279145,103980661,113482573,117875840,120623444,126012953,133725972,144656655
     Interest paid,12097100,NaN,NaN,16022804,NaN,28362386,19586018,21517044,22364264,25437588,28674933,29452297,19953845,23242437,32747005,29617935,27973593,25091279,27006200,36432301,42775881,49190487,59519342,73406067,74428567,92751748,97278387,68127690,64619863,64457049,103453348,136788830,136788830,142571532,94119640,85862393,81231081,81072973,78054746,82882319,85496044,96809736,111008159,106664500,113739451,127961963,113144946,119311133
     Taxes and licenses,5770918,NaN,NaN,7364870,NaN,9553145,5040336,5288971,5909545,6673186,7745756,7866233,6867461,7993317,8873071,9339396,9863080,10307970,10877982,11545647,13151513,14738742,17922755,23813223,26896235,31145304,34626540,36416569,39019475,42114276,46896065,52973535,52973535,63015850,61647989,63288386,68872988,73198286,78788525,83391297,87315881,89132302,95487385,99163744,92037674,104769369,139753058,161264028
     Bad debts,255093,NaN,NaN,263583,NaN,392259,394458,556090,635769,657156,798293,1085091,1220161,1397284,1653786,3486235,2713892,2857503,2754734,2535273,3573119,5188483,5850425,7347904,8415571,9820088,12241864,14176575,12374380,12770923,15256780,12298985,12298985,32219946,40355747,32607437,14788745,24979310,14937166,15027032,17186398,19099278,20074390,21144069,23119196,27741283,20558885,24453971
     Repairs and maintenance,2202626,NaN,NaN,3352299,NaN,4910831,1900379,1950053,1993665,2302985,2498020,2538640,2513846,2785235,3186556,3490358,3575463,3846682,4282210,4436481,5058545,5941081,7668494,8537670,9859621,11302059,12624866,13535089,14270433,15515490,17265523,19365103,19365103,22463069,21839212,23503815,24873513,27219452,28453808,30564085,32838705,34121685,36517655,38873347,37516476,39758587,43603236,49025423
     Depreciation,10108834,NaN,NaN,14519760,NaN,21576190,NaN,NaN,NaN,NaN,22575913,25446371,19307397,19799142,19604615,19433190,19090650,19773081,20692214,21811355,24001617,28607286,37763139,42579701,51730335,58912624,72199421,82897056,83564737,90230757,70834176,78611668,78611668,129739268,125349711,130060596,172267579,136841830,157618397,167928282,176033137,187450186,226632473,260659657,275980068,277447511,255705930,271099292
     Amortization,165755,NaN,NaN,222728,NaN,583353,937460,NaN,NaN,NaN,NaN,NaN,NaN,NaN,NaN,NaN,NaN,NaN,NaN,NaN,NaN,NaN,NaN,NaN,NaN,NaN,NaN,NaN,NaN,NaN,NaN,NaN,NaN,NaN,NaN,NaN,NaN,NaN,NaN,NaN,NaN,NaN,NaN,NaN,NaN,NaN,NaN,
     Depletion,392734,NaN,NaN,246530,NaN,370594,308866,465882,375404,277521,242097,311118,287787,314882,312229,363858,305490,317556,214262,291015,323910,371771,382488,322489,402119,410837,453832,504061,492467,695313,815433,810776,810776,1089961,697852,1136950,1258518,1302243,1101106,901941,NaN,NaN,NaN,NaN,NaN,NaN,NaN,
     Retirement plans etc.,190127,NaN,NaN,260432,NaN,384956,358939,413489,452471,530116,703297,851939,744077,965832,1292058,1193245,1341535,1383748,1572606,1662421,1923056,2212520,2452054,3008573,3555224,4293150,5478146,6444065,7742624,7946658,8419160,9699587,9699587,13637545,13554208,10812565,13559083,12794565,12795586,13279878,13475978,14934684,16858777,15651350,15179541,17954041,17352399,18910159
     Employee benefit programs,285391,NaN,NaN,458999,NaN,716304,514505,602220,600203,871296,1019335,1187781,1267221,1747787,2329891,2642264,3049236,3329192,3599819,3786552,4313373,4967162,6073311,7813657,9323890,11152300,14413073,16654928,17864037,19178240,20050163,22870238,22870238,29958470,27788656,28667946,30139909,32453375,34742052,43493002,41003456,45534595,48486237,49852988,49173328,55395264,59114442,64598187
     Ordinary loss from other partnerships and fiduciaries,1150079,NaN,NaN,1961174,NaN,4702654,6987649,8767376,9224949,10021495,13227029,15076648,5511410,5798786,7041412,8561592,7312918,7061442,6001422,6976737,7094207,12115195,16203396,19690053,21572769,25053841,35526353,26854498,24091002,26003075,23744327,31265506,31265506,107174089,88537709,64605827,65704048,56962081,61115616,60171596,76356647,81516396,104168518,116311859,134019405,172201231,157955998,150144409
     Rent net loss,NaN,NaN,NaN,NaN,NaN,NaN,12507395,14761087,19553817,26398850,32473197,38862999,NaN,NaN,NaN,NaN,NaN,NaN,NaN,NaN,NaN,NaN,NaN,NaN,NaN,NaN,NaN,NaN,NaN,NaN,NaN,NaN,NaN,NaN,NaN,NaN,NaN,NaN,NaN,NaN,NaN,NaN,NaN,NaN,NaN,NaN,NaN,
     Royalty net loss,NaN,NaN,NaN,NaN,NaN,NaN,229221,201705,117687,20427,12431,37477,NaN,NaN,NaN,NaN,NaN,NaN,NaN,NaN,NaN,NaN,NaN,NaN,NaN,NaN,NaN,NaN,NaN,NaN,NaN,NaN,NaN,NaN,NaN,NaN,NaN,NaN,NaN,NaN,NaN,NaN,NaN,NaN,NaN,NaN,NaN,
     Farm net loss,6816,NaN,NaN,14677,NaN,13969,2398676,2515960,2211782,2669010,2895554,2607243,1675642,2259790,1748783,1849205,1854389,1348342,1704820,1930801,2296388,2106348,2110358,2706695,2669190,3159824,3438913,3999938,3722278,3792196,4260904,5738117,5738117,6009888,7389897,6349983,6419788,5715943,7893380,6595942,NaN,NaN,NaN,NaN,NaN,NaN,NaN,
     Net loss from other partnerships,1150079,NaN,NaN,NaN,NaN,NaN,NaN,NaN,NaN,NaN,NaN,NaN,NaN,NaN,NaN,NaN,NaN,NaN,NaN,NaN,NaN,NaN,NaN,NaN,NaN,NaN,NaN,NaN,NaN,NaN,NaN,NaN,NaN,NaN,NaN,NaN,NaN,NaN,NaN,NaN,NaN,NaN,NaN,NaN,NaN,NaN,NaN,
"     Net loss, noncapital assets",120330,NaN,NaN,193501,NaN,716247,568479,438252,217888,389944,290604,530744,1022652,403651,682103,1053321,377689,589459,577622,667548,705679,610676,748157,853481,1167255,1748046,4530495,3576661,2254168,2201202,2992837,2841852,2841852,10645567,11937699,6804798,7398345,4142433,6154816,6031652,6485226,5514782,6058976,6817904,7210678,9487067,8728183,8724084
     Other deductions,24496517,NaN,NaN,47406474,NaN,63886500,51260982,53986241,52355781,58252033,66430129,71670832,71883520,80221966,87627699,92126318,95042416,103026051,112276793,123676375,143328531,173205878,220836909,269859625,313263035,362507941,417404132,441818861,455023911,512706488,568977626,637628843,637628843,784941709,689292319,702957790,744072138,801801859,840673544,885583881,937420431,966315795,1069592085,1110196946,1083702513,1161969081,1361200726,1520434162
Net profit (less loss),7737570,NaN,NaN,NaN,NaN,NaN,NaN,NaN,NaN,NaN,NaN,NaN,NaN,NaN,NaN,NaN,NaN,NaN,NaN,NaN,NaN,NaN,NaN,NaN,NaN,NaN,NaN,NaN,NaN,NaN,NaN,NaN,NaN,NaN,NaN,NaN,NaN,NaN,NaN,NaN,NaN,NaN,NaN,NaN,NaN,NaN,NaN,
     Net profit,22431931,NaN,NaN,NaN,NaN,NaN,NaN,NaN,NaN,NaN,NaN,NaN,NaN,NaN,NaN,NaN,NaN,NaN,NaN,NaN,NaN,NaN,NaN,NaN,NaN,NaN,NaN,NaN,NaN,NaN,NaN,NaN,NaN,NaN,NaN,NaN,NaN,NaN,NaN,NaN,NaN,NaN,NaN,NaN,NaN,NaN,NaN,
     Net loss,14694361,NaN,NaN,NaN,NaN,NaN,NaN,NaN,NaN,NaN,NaN,NaN,NaN,NaN,NaN,NaN,NaN,NaN,NaN,NaN,NaN,NaN,NaN,NaN,NaN,NaN,NaN,NaN,NaN,NaN,NaN,NaN,NaN,NaN,NaN,NaN,NaN,NaN,NaN,NaN,NaN,NaN,NaN,NaN,NaN,NaN,NaN,
 Ordinary business income (loss),NaN,NaN,NaN,14446809,NaN,8248656,-2734897,-7314587,-2610041,-3500024,-8883674,-17370860,19303350,33386948,29788726,25526781,25028401,38273759,51418125,56304445,60858305,89857772,92866348,88767531,107481261,119168367,114217614,126212499,154485912,206502522,308977137,357055417,357055417,110805898,137813309,254553535,255751530,392228047,387606756,440572628,379936585,354724024,358945282,376912230,292638748,316568537,661461193,847619582
      Net income,NaN,NaN,NaN,33689343,NaN,45061756,50567190,53556856,60308114,69696922,77044693,80214873,62028990,75446656,75888759,76435760,72619843,81877970,92627139,98075024,109314199,149821093,167508411,182442611,210453491,240565978,265512155,266933632,284691823,347277588,444601621,516281778,516281778,524951632,458805359,499945046,528156205,623270776,637337054,690096548,672317946,665512286,740214518,768052696,732677071,870954595,1152241576,1336553741
      Loss,NaN,NaN,NaN,19242534,NaN,36813101,53302086,60871442,62918155,73196946,85928367,97585733,42725640,42169708,46100033,50908979,47591442,43604210,41209013,41770579,48455894,59963321,74642063,93675080,102972230,121397612,151294542,140721133,130205911,140775066,135624484,159226360,159226360,414145735,320992050,245391511,272404676,231042728,249730298,249523921,292381361,310788263,381269235,391140466,440038323,554386058,490780383,488934159
Capital gains and losses allocable to partners:,NaN,NaN,NaN,NaN,NaN,NaN,NaN,NaN,NaN,NaN,NaN,NaN,NaN,NaN,NaN,NaN,NaN,NaN,NaN,NaN,NaN,NaN,NaN,NaN,NaN,NaN,NaN,NaN,NaN,NaN,NaN,NaN,NaN,NaN,NaN,NaN,NaN,NaN,NaN,NaN,NaN,NaN,NaN,NaN,NaN,NaN,NaN,
    Net short-term capital gain (less loss),NaN,NaN,NaN,246857,NaN,-4528,906491741,1249482,NaN,NaN,NaN,NaN,NaN,NaN,NaN,NaN,NaN,NaN,NaN,NaN,NaN,NaN,NaN,NaN,NaN,NaN,NaN,NaN,NaN,NaN,NaN,NaN,NaN,NaN,NaN,NaN,NaN,NaN,NaN,NaN,NaN,NaN,NaN,NaN,NaN,NaN,NaN,
    Net long-term capital gain (less loss),NaN,NaN,NaN,3749996,NaN,6386412,5546775,7060222,NaN,NaN,NaN,NaN,NaN,NaN,NaN,NaN,NaN,NaN,NaN,NaN,NaN,NaN,NaN,NaN,NaN,NaN,NaN,NaN,NaN,NaN,NaN,NaN,NaN,NaN,NaN,NaN,NaN,NaN,NaN,NaN,NaN,NaN,NaN,NaN,NaN,NaN,NaN,
Portfolio income distributed directly to partners:,NaN,NaN,NaN,NaN,NaN,NaN,NaN,NaN,NaN,NaN,NaN,NaN,NaN,NaN,NaN,NaN,NaN,NaN,NaN,NaN,NaN,NaN,NaN,NaN,NaN,NaN,NaN,NaN,NaN,NaN,NaN,NaN,NaN,NaN,NaN,NaN,NaN,NaN,NaN,NaN,NaN,NaN,NaN,NaN,NaN,NaN,NaN,
Portfolio income:,NaN,NaN,NaN,NaN,NaN,NaN,NaN,NaN,NaN,NaN,NaN,NaN,NaN,NaN,NaN,NaN,NaN,NaN,NaN,NaN,NaN,NaN,NaN,NaN,NaN,NaN,NaN,NaN,NaN,NaN,NaN,NaN,NaN,NaN,NaN,NaN,NaN,NaN,NaN,NaN,NaN,NaN,NaN,NaN,NaN,NaN,NaN,
  Portfolio income (loss) distributed directly to partners,NaN,NaN,NaN,NaN,NaN,NaN,NaN,NaN,NaN,NaN,NaN,NaN,29662546,41900637,49217640,38635985,34070353,32062494,44314395,45105521,77342327,108149024,140336774,161897547,206713189,275827300,152983983,110667014,188901446,355581512,535267067,722426524,722426524,370840964,222071989,618879004,665684115,903348369,910672961,1076596885,995539608,850020729,1214674616,1211350828,1154695022,1337776818,2631754143,
     Interest income,NaN,NaN,NaN,NaN,NaN,NaN,NaN,NaN,NaN,NaN,NaN,NaN,13568398,19776489,20941861,20799631,19872179,15570376,16327321,19450589,31240619,33363831,40709135,51454743,61769762,82322875,84801548,70225315,70702884,87942510,133742088,193499813,193499813,245112463,178069262,182578876,170372178,166218587,156987861,153825358,155005964,181106456,203084474,240778269,261628027,237489985,232799046,335128294
     Dividend income,NaN,NaN,NaN,NaN,NaN,NaN,NaN,NaN,NaN,NaN,NaN,NaN,2310346,2849037,3239280,2827586,2872179,2516408,3042507,4448472,5392016,8844784,11729852,13710835,16704092,20921231,23420217,26271049,31279662,49289305,65013094,83897950,83897950,96314599,78934953,130843672,120294486,157907896,149196774,162729221,159450074,166780363,174554145,184802736,186839272,197343395,285284706,296286465
     Royalties ,NaN,NaN,NaN,NaN,NaN,NaN,NaN,NaN,NaN,NaN,NaN,NaN,588096,588838,767254,911554,1108967,1484627,1858988,2375149,2270245,2962937,3300635,3686819,4718816,5958686,7926721,7984177,11665867,12059130,16296768,14219959,14219959,22131102,14908744,19329352,24121426,23545929,27693086,34711302,29803275,27998219,31082457,40549478,33630926,38812965,54979643,80464397
     Net short-term capital gain (loss),NaN,NaN,NaN,NaN,NaN,NaN,NaN,NaN,NaN,NaN,NaN,NaN,414372,3413904,9689486,2403648,2877965,2162063,5170055,-1054112,4495804,8123363,12518579,1147207,18891946,13134895,-11062075,-4764774,22681210,27837829,42563416,54613689,54613689,-125438062,64099636,73322513,17653581,59443290,90348716,66058368,5086159,17331887,90372588,-29523435,75624458,80106047,188417925,-124775201
     Net long-term capital gain (loss),NaN,NaN,NaN,NaN,NaN,NaN,NaN,NaN,NaN,NaN,NaN,NaN,12290025,14746186,14041310,10838690,6759199,9497899,16991553,19264327,32710599,53249372,70309330,90016391,102180129,147822248,45144675,9151631,49521530,178452737,277651703,376195114,376195114,132720862,-113940605,212804591,333242445,496232666,486446524,659272636,646194135,456803804,715580952,774743781,596972339,784024424,1870272823,968284376
     Other portfolio income (less deficit),NaN,NaN,NaN,NaN,NaN,NaN,NaN,NaN,NaN,NaN,NaN,NaN,491309,526474,538450,854875,593426,831120,923972,621095,1233044,1604738,1769243,1881552,2448445,5667366,2752897,1799616,3050294,NaN,NaN,NaN,NaN,NaN,NaN,NaN,NaN,NaN,NaN,NaN,NaN,NaN,NaN,NaN,NaN,NaN,NaN,
Net rental real estate income (loss),NaN,NaN,NaN,NaN,NaN,NaN,NaN,NaN,NaN,NaN,NaN,NaN,-41746473,-43274662,-42096327,-35164507,-28574631,-16942212,-8397349,-2495091,4365753,7612463,17326614,26864282,36432210,35041911,42801431,39557953,30541245,28553287,18506453,15122150,15122150,-12517724,-3663647,3960412,8212790,34099923,42943661,42841947,54409785,57012446,41740974,40492618,-8808487,-36658977,-42260936,-66872253
   Net income,NaN,NaN,NaN,NaN,NaN,NaN,NaN,NaN,NaN,NaN,NaN,NaN,13145084,16164498,17749202,19670063,20158010,22151863,24987639,28081620,32091524,36153925,43843125,53811644,63020996,66244247,77143213,78723925,77470882,83230533,87034416,89508702,89508702,96330537,96236328,99497506,102623517,120352343,128910804,137827541,150848414,162916110,167219633,187563644,169436325,180270946,213650626,229409176
   Loss,NaN,NaN,NaN,NaN,NaN,NaN,NaN,NaN,NaN,NaN,NaN,NaN,54891557,59439160,59845529,54834570,48730641,39094075,33384988,30576712,27725771,28541463,26516511,26947362,26588786,31202337,34341782,39165972,46929637,54677246,68527963,74386552,74386552,108848261,99899975,95537094,94410727,86252420,85967142,94985594,96438628,105903665,125478658,147071026,178244812,216929923,255911563,296281429
Other net rental income (loss),NaN,NaN,NaN,NaN,NaN,NaN,NaN,NaN,NaN,NaN,NaN,NaN,65869,639991,920031,853621,519648,1182570,1478724,1478416,1469214,971723,538898,338865,-1116481,-89676,414396,-1383440,-327646,391639,3674564,2923321,2923321,-3661014,3815928,2461886,2144314,3924094,4413193,2762459,1898684,4082134,650215,1174361,-5282038,6696955,2858775,-2597844
   Net income,NaN,NaN,NaN,NaN,NaN,NaN,NaN,NaN,NaN,NaN,NaN,NaN,1341105,2437243,2389838,2153623,2585961,2582159,2679272,3048067,3352876,2925324,3049946,2942190,2932258,4611795,5044347,4317940,5039003,6059852,7240732,6831229,6831229,8080754,10813223,8219611,7207481,7721229,8617407,7949916,NaN,NaN,NaN,NaN,NaN,NaN,NaN,
   Loss,NaN,NaN,NaN,NaN,NaN,NaN,NaN,NaN,NaN,NaN,NaN,NaN,1275235,1797252,1469807,1300003,2066313,1399589,1200549,1569651,1883662,1953601,2511048,2603325,4048739,4701471,4629951,5701380,5366649,5668213,3566168,3907908,3907908,11741769,6997295,5757726,5063167,3797135,4204214,5187457,NaN,NaN,NaN,NaN,NaN,NaN,NaN,
Total net income (loss) [1],NaN,NaN,NaN,NaN,NaN,NaN,NaN,NaN,NaN,NaN,NaN,NaN,-5419105,14493114,14099275,16609540,21406607,42916649,66652288,82183076,106829196,145218248,168240726,186704627,228438105,268990758,276334824,270667169,301398218,384738394,546210103,666718610,666718610,458185323,409878549,593727733,580896723,777924476,768841333,837442914,780504367,791703641,810057547,884709693,760646448,760252861,1195122426,1490028641
   Net income,NaN,NaN,NaN,NaN,NaN,NaN,NaN,NaN,NaN,NaN,NaN,NaN,87654011,111384545,113885966,116317801,113408221,121834358,137440684,150927744,178650951,228157636,262373206,297875299,348467958,409972787,446069172,439761741,468552382,566231686,723605859,871055480,871055480,929264368,795938390,904393661,913019192,1068043099,1079587830,1156121917,1137464573,1173305066,1278155007,1381514923,1341704437,1475744559,1895645011,2222211568
   Loss,NaN,NaN,NaN,NaN,NaN,NaN,NaN,NaN,NaN,NaN,NaN,NaN,93073116,96891431,99786691,99708261,92001615,78917710,70788396,68744668,71821755,82939388,94132480,111170672,120029853,140982029,169734347,169094572,167154164,181493292,177395756,204336870,204336870,471079045,386059841,310665929,332122470,290118622,310746498,318679004,356960206,381601426,468097460,496805230,581057989,715491698,700522585,732182927
