Tax year,1959,1960,1961,1962,1963,1964,1965,1966,1967,1968,1969,1970,1971,1972,1973,1974,1975,1976,1977,1978,1979,1980,1981,1982,1983,1984,1985,1986,1987,1988,1989,1990,1991,1992,1993,1994,1995,1996,1997,1998,1999,2000,2001,2002,2003,2004,2005,2006,2007,2008,2009,2010,2011,2012,2013,2014,2015,2016,2017,2018,2019,2020,2021,2022
Number of returns,71140,90221,106048,123666,139112,157855,173410,181851,200784,217184,233807,257475,262068,287906,313080,333099,358413,391700,428204,468679,514907,545389,541489,564219,648267,701339,724749,826214,1127905,1257191,1422967,1575092,1698271,1785371,1901505,2023754,2153119,2304416,2452254,2588088,2725775,2860478,2986486,3154377,3341606,3518334,3684086,3872766,3989893,4049944,4094562,4127554,4158572,4205452,4257909,4380125,4487336,4592042,4725684,4874996,4940351,4892722,5120552,5266702
Total assets,7633413,9334835,NaN,12679545,14833675,16877964,19239447,21351389,24234096,26450189,31976473,33397424,34745158,40543020,48934906,53919325,55529316,62197040,71570536,79448133,85777842,87412922,91171986,110512890,142211607,180173410,207935175,250975543,443723257,584533143,687394399,744307752,769648961,808090676,870298964,943679740,1017592855,1100360936,1307473289,1455483439,1628692515,1790711766,1883045385,2016708482,2186582412,2437711147,2736981803,3048770219,3324336756,3367303575,3240100938,3324883416,3441159883,3593278237,3741797771,3990973368,4144561136,4340405858,4520485499,4504690021,4668546217,5036862574,5569733713,5952691882
    Cash,827924,900593,NaN,NaN,1534002,NaN,1889866,2284696,NaN,NaN,3143755,NaN,NaN,NaN,5047080,NaN,5510920,NaN,7149043,7551598,7798782,8020977,7876585,10721652,14064692,17804462,19811793,24405166,44333827,55565702,62981398,68969946,73244012,77366319,83607463,90239607,96692242,110477442,130898379,146742521,164614106,176557304,199927925,219453977,236100733,261118654,294920709,326696520,363586613,385242478,396962696,421344295,452305454,498722089,518976315,557577994,594538595,641189495,641747979,612908625,671766385,943843974,1088092571,1016642476
    Trade notes and accounts receivable,1993510,2360412,NaN,NaN,3634460,NaN,4775001,5045553,NaN,5661036,7202814,7006280,7261483,8309391,9691120,10166189,10382324,11193732,13108683,14486988,14514030,14916200,14841833,18089986,24154653,32228057,36789276,41833523,84436427,110878851,128113022,141144287,140780101,150367365,166085157,182512403,196952906,209440115,271562884,311096499,352382872,397415183,416602491,445062685,491576924,559765519,639360891,719297364,816670530,810822887,755218538,774957316,793726322,823352288,860344870,925647587,945621150,980777078,1049312728,1025695417,832865899,806983050,871157883,970988340
    Inventories,1788127,2070281,2411970,2656490,3152186,3411139,4059438,4372972,4800989,5288925,6470721,6534014,6936399,7824436,9652989,10917040,11460274,13040445,14720223,16632652,17465476,16328626,16159941,19358751,23783466,28925232,35792468,44173919,94372378,122007283,138706407,146150954,146298190,153561103,166773466,183409745,194348354,203470594,221503423,229247269,249639265,268989510,263793245,291142518,309619396,351216788,386285723,426401226,436143907,423887071,362959063,383829461,407741845,435703170,465204868,492525904,506901479,517752715,540180088,561798244,563438589,514484138,565561009,649246717
    Investments in government obligations ,86851,102150,NaN,NaN,168903,NaN,113596,175708,NaN,NaN,372949,NaN,NaN,NaN,197872,NaN,288940,NaN,382031,398325,355256,281858,414168,830832,1339156,1647468,2215857,2618685,4924700,5002356,3815981,5160436,5994914,5252913,5221011,6520923,6669174,6698650,17654810,26450601,27592243,27814809,30077903,36265246,44166897,48558220,52277991,52929790,59136727,54708426,55130510,57703348,63924139,66122317,68030331,68873439,64128675,60587634,61294434,55161644,52129613,56421641,78146326,83934327
    Tax-exempt securities (1989-2019),NaN,NaN,NaN,NaN,NaN,NaN,NaN,NaN,NaN,NaN,NaN,NaN,NaN,NaN,NaN,NaN,NaN,NaN,NaN,NaN,NaN,NaN,NaN,NaN,NaN,NaN,NaN,NaN,NaN,NaN,1615220,2087262,2657278,3301498,3378405,3882530,3541580,3544316,5942443,8136420,9273383,10358782,11545639,13478592,16792093,18057140,20930607,22692832,25044120,25175935,27032160,30028255,32970733,37267839,39778219,40903540,43115127,43443702,42800465,38088954,35893555,45534474,NaN,51792628
    Other current assets,112809,148865,NaN,NaN,377121,NaN,836482,961775,NaN,NaN,1547108,NaN,NaN,NaN,3073931,NaN,2944915,NaN,4359562,4633818,5687069,5117615,5395752,7820911,9771556,9979416,12271396,15665361,26002752,34527017,40581306,41255849,42701618,44285834,47428761,51418135,54630365,61737398,72643744,83359809,91013444,103383569,112074809,120520788,133657273,149147414,182574093,208937184,224033365,212605878,195613580,191679559,197536151,199981482,207218088,220786864,242476682,252106276,267578125,276690078,298675746,323708742,385523879,432862509
    Loans to shareholders,29660,52384,NaN,NaN,140610,NaN,210651,260089,NaN,NaN,499319,NaN,NaN,NaN,738259,NaN,942040,NaN,1319047,1376178,1433513,1808491,2013178,2526340,3154100,3736541,4441548,5080325,8214204,10470786,12587169,13576468,14406925,14878249,17071620,17582699,19545365,21793262,24213260,26586863,28446188,31533970,34445125,36473333,40927873,43204927,49536428,54678831,58342252,63736200,62092104,63966409,64884513,65505986,67651004,70498374,73846039,75763836,81715813,86461813,88162768,99326997,109174544,121414611
    Mortgage and real estate loans (1959-60 & 1966-2019),72581,85443,NaN,NaN,NaN,NaN,NaN,119547,NaN,NaN,267887,NaN,NaN,NaN,501636,NaN,629926,NaN,829555,1214268,1299666,1439449,1310850,1686786,2613626,3550380,4864295,5786865,7066408,8323953,9705011,9903162,10096934,10892649,12272233,11124662,11359087,13090954,24464235,25094935,27336546,27843577,32898134,45304471,50323933,64651042,68876939,64550717,59640474,56780143,58969657,64721505,67480847,80095815,74588500,88206064,86249057,99868068,98009682,78871965,284356374,344399118,345236716,349880951
    Other investments,436198,578679,NaN,NaN,785981,NaN,749720,698325,NaN,NaN,1206361,NaN,NaN,NaN,1786577,NaN,2145223,NaN,2460625,2621055,2995114,4096219,4747678,6870387,10388137,12714010,12977817,16127275,26990394,35693093,44538030,50940102,55393110,57142224,61957608,68468767,77117325,86645889,110801040,138315334,172515967,198082689,203446346,210013476,233111386,270141708,301873383,347780222,389316933,400304089,403537231,418335505,443717902,460979414,490204227,508985141,524308390,563375108,587955436,594076876,635972513,688051636,785920570,775727651
    Depreciable assets,3068853,3838067,NaN,5472171,6562791,NaN,8866356,9654397,11290929,11903847,14331317,15728239,16409353,18551138,21852725,24876085,26337088,29869265,33911811,37179238,42071144,45228540,48765585,56502614,71147184,89765238,102012992,122518645,208872909,280538930,339887356,375466545,408760382,438891260,474700150,513984915,563246129,609792456,675135086,722105243,795141317,859180030,922989084,987328250,1047549003,1124308124,1215978542,1317386490,1406196221,1492868844,1523306224,1557438405,1596511205,1666878365,1739603435,1835693440,1936017560,2013671368,2101334799,2158810888,2222869973,2276104284,2390154623,2527468598
    Depletable assets,45221,61252,NaN,NaN,68448,NaN,82158,105575,NaN,NaN,95020,NaN,NaN,NaN,199695,NaN,201175,NaN,263514,288176,278615,365648,458770,440132,982318,1273344,1113535,1491281,1888051,1850701,2281254,3013215,3725868,3653726,4887851,4798107,5236309,5073122,6747225,8308169,8637126,9173664,9620125,9712077,11468377,11780383,12016718,18290929,14679903,16525111,17782920,18222442,18570019,19535527,20169612,21564735,21370915,19757241,21146397,24026235,32350999,32949366,NaN,40080743
    Land,329455,510132,NaN,NaN,905222,NaN,1345557,1519733,NaN,NaN,2335598,NaN,NaN,NaN,3897780,NaN,4608085,NaN,5599193,5634430,6053671,6102640,6471000,7172755,8604053,11543657,13960829,16876824,22240158,31720753,37471594,40130958,41988157,43866647,45611048,48706373,51115383,54558253,58990322,61626219,66129250,70894312,75301985,80307527,83644422,93136033,101057179,111098695,121808151,126125670,129332605,128938340,127391326,131221735,129591892,135005810,138031458,145361786,151305865,155023060,158740255,161910829,165928981,172204707
    Intangible assets (amortizable),25258,20192,NaN,NaN,34804,NaN,63529,61743,NaN,NaN,128385,NaN,NaN,NaN,301150,NaN,493529,NaN,799475,1033666,828522,1121756,1513912,1773196,2187633,3257575,3923751,5742917,9667720,13571413,18057999,21691825,22774439,24333483,25352632,28326745,28699312,31783930,36243477,41568278,48343302,55173523,63539512,68338766,76599915,85138077,95106206,107086470,120957233,133660220,136171250,145321103,152967498,158652490,161473494,176082709,185477288,194941351,205105790,213864037,222817045,229364326,248123340,275036721
    Other assets,302465,412531,NaN,NaN,588771,NaN,582205,689983,NaN,NaN,1249481,NaN,NaN,NaN,1845715,NaN,1879234,NaN,2181366,2909621,2842377,3043159,3976273,4215982,5437715,7403219,8405448,10403598,16743387,21594333,24869525,23242537,22662243,23858606,22438133,23677638,24277056,24928425,26558032,29613571,33380860,36048139,37488517,38384510,47410729,49263477,58226956,66605308,78870873,88295761,93005222,96253766,99343936,80156349,77888872,95925655,100579040,108267124,117614966,111881132,126351036,128769301,151929244,295856897
    Less:  Allowance for bad debts,34865,44909,NaN,NaN,62269,NaN,63940,85301,NaN,NaN,105883,NaN,NaN,NaN,154624,NaN,170626,NaN,180556,220432,201132,196845,259158,294193,377086,500594,639997,752344,1371508,1623295,1751707,2516239,2356077,2584173,2574196,2626630,2861534,3187686,3765625,4007036,4643099,5418069,6307571,7303954,7720589,8390142,9085092,10169020,11234884,12603977,13583698,14072760,14756302,14820309,14445251,14432616,15092867,16062487,16767283,15082285,17611279,17976517,18972129,37848808
    Less:  Accumulated depreciation,1433515,1737494,NaN,2541538,3018723,NaN,4223385,4432584,5208268,5551578,6693148,7404622,7780588,8567590,9573871,11050437,11871173,13457581,14908451,15764595,17301813,19670455,21735815,26427554,33918428,41738240,48208658,58606792,106634188,140193786,169086616,186867030,208824560,228414154,249794516,272929061,298317297,324297994,356513009,382004924,422362995,455714503,500147999,550922789,598747039,650868503,698236429,744603736,794067943,862968368,910338826,955249741,999346301,1048855918,1096145753,1156007214,1218938924,1271478323,1335726905,1375855932,1429208596,1478735165,1558913574,1639412271
    Less:  Accumulated depletion,11864,16842,NaN,NaN,23320,NaN,22727,52130,NaN,NaN,23039,NaN,NaN,NaN,28719,NaN,41835,NaN,61971,68999,34141,92949,127737,105149,264460,345030,398428,598849,715112,652777,753463,901023,1535732,1317919,1971604,2098057,2283920,2175755,2635570,3135255,3121468,3325050,3343431,3301922,3975325,3690074,4261277,6362598,5215836,5846137,6440440,6805905,6989654,7516934,7597048,8751261,10580949,10256493,10792243,11076314,17603477,18414386,19240294,20633973
    Less:  Accumulated amortization,5255,6901,NaN,NaN,15312,NaN,25062,28692,NaN,NaN,52172,NaN,NaN,NaN,94409,NaN,210723,NaN,362614,457856,308307,498008,650830,670538,856708,1071326,1398745,1790855,3309249,4742169,6225086,8141500,9118840,11244952,12146258,13319762,12374980,13012435,12970868,13621076,15625790,17279673,20906453,23549068,25923589,28827639,30457766,34527005,39571883,42016660,46649857,51727887,56819750,59703470,60737903,68112796,73487579,78659621,83330638,86654416,93421180,99863233,106382935,112550943
    Addendum(A.1): Investments in Government Obligations  (1959-60 & 1969-81) = sum(l.23:l.25) ],86851,102150,NaN,NaN,NaN,NaN,NaN,NaN,NaN,NaN,372949,NaN,NaN,NaN,197872,NaN,288940,NaN,382031,398325,355256,281858,414168,NaN,NaN,NaN,NaN,NaN,NaN,NaN,NaN,NaN,NaN,NaN,NaN,NaN,NaN,NaN,NaN,NaN,NaN,NaN,NaN,NaN,NaN,NaN,NaN,NaN,NaN,NaN,NaN,NaN,NaN,NaN,NaN,NaN,NaN,NaN,NaN,NaN,NaN,NaN,NaN,NaN
"    Addendum (A.1.1): Investments in GO(State, Territory, possession) (1959-60 & 1969-81)",18342,17742,NaN,NaN,NaN,NaN,NaN,NaN,NaN,NaN,40085,NaN,NaN,NaN,72297,NaN,122870,NaN,134982,97817,94086,79266,94073,NaN,NaN,NaN,NaN,NaN,NaN,NaN,NaN,NaN,NaN,NaN,NaN,NaN,NaN,NaN,NaN,NaN,NaN,NaN,NaN,NaN,NaN,NaN,NaN,NaN,NaN,NaN,NaN,NaN,NaN,NaN,NaN,NaN,NaN,NaN,NaN,NaN,NaN,NaN,NaN,NaN
    Addendum (A.1.2):  Investments in GO(US) (1959-60 & 1969-81),52516,68064,NaN,NaN,NaN,NaN,NaN,NaN,NaN,NaN,332864,NaN,NaN,NaN,125575,NaN,166070,NaN,247049,300508,261170,202592,320095,NaN,NaN,NaN,NaN,NaN,NaN,NaN,NaN,NaN,NaN,NaN,NaN,NaN,NaN,NaN,NaN,NaN,NaN,NaN,NaN,NaN,NaN,NaN,NaN,NaN,NaN,NaN,NaN,NaN,NaN,NaN,NaN,NaN,NaN,NaN,NaN,NaN,NaN,NaN,NaN,NaN
    Addendum (A.1.3):  Investments in GO(Not Stated) (1959-60 & 1969-81),15993,16344,NaN,NaN,NaN,NaN,NaN,NaN,NaN,NaN,NaN,NaN,NaN,NaN,NaN,NaN,NaN,NaN,NaN,NaN,NaN,NaN,NaN,NaN,NaN,NaN,NaN,NaN,NaN,NaN,NaN,NaN,NaN,NaN,NaN,NaN,NaN,NaN,NaN,NaN,NaN,NaN,NaN,NaN,NaN,NaN,NaN,NaN,NaN,NaN,NaN,NaN,NaN,NaN,NaN,NaN,NaN,NaN,NaN,NaN,NaN,NaN,NaN,NaN
Total liabilities,7633413,9334835,NaN,12679545,14833675,16877964,19239447,21351389,24234096,26428777,31976473,33397424,34745158,40543020,48934906,53919325,55529316,62197040,71570536,79448133,85777842,87412922,91171986,110512890,142211607,180173410,207935175,250975543,443723257,584533143,687394399,744307752,769648961,808090676,870298964,943679740,1017592855,1100360936,1307473289,1455483439,1628692515,1790711766,1883045385,2016708482,2186582412,2437711147,2736981803,3048770219,3324336756,3367303575,3240100938,3324883416,3441159883,3593278237,3741797771,3990973368,4144561136,4340405858,4520485499,4504690021,4668546217,5036862574,5569733713,5952691882
    Accounts payable,1323859,1602448,NaN,NaN,2532915,NaN,3148321,3517291,NaN,NaN,5419431,NaN,NaN,NaN,7728974,NaN,8530986,NaN,11304257,12545615,13475108,13810448,13468810,15932722,19875653,24736777,27897916,31710247,58095429,75631321,87789109,96728135,98720468,104178988,114098675,126185964,133214312,142999414,167345030,179795391,199628586,215395784,213836580,226721679,256650448,295195868,336960221,374762340,408241459,409010011,382217844,422197812,445249512,462317450,429374826,462587262,471142325,480089843,489978433,420903135,430618682,428209710,479477021,500346504
"    Mortgages, notes, bonds payable in less than 1 year",1094542,1437255,NaN,NaN,1812523,NaN,2573744,2947045,NaN,NaN,4422985,NaN,NaN,NaN,7688584,NaN,8836686,NaN,11752423,12710256,14189915,13745066,14196055,16389593,20316456,26756287,30700804,36372720,69239166,89801409,110504743,113652168,114972502,114895644,120770134,130779094,144396625,154042469,171306160,182956963,196373776,215965503,221506445,239785237,263956812,291273559,310816197,341079211,348896131,336333238,279113546,267664793,270363101,297330124,304988277,332864655,339880188,354529564,364877246,370683044,381405879,344143552,294618281,350661017
    Other current liabilities,269044,343724,NaN,NaN,673241,NaN,925586,1000946,1140746,1512702,1670977,1897107,1977077,2292352,3064834,3472405,3553484,4156053,5091022,6373811,6332133,6728685,7336442,11482996,13431546,14820094,16821603,20511644,39762608,48700537,52374032,56074638,59027560,63717873,71185560,77876795,84175759,91117562,153304084,200431585,230761101,266676469,293532979,342772044,373452119,410485937,468607116,529453392,598271091,605841941,593069137,600719928,631216079,672103139,753875434,788668860,799952206,863765785,883509681,865827016,850025489,980467247,1084786395,1134719914
    Loans from shareholders (1963-2019),NaN,NaN,NaN,NaN,1016995,NaN,1232064,1421170,NaN,NaN,2114096,NaN,NaN,NaN,4299583,NaN,6039187,NaN,8362700,9281092,10997769,13334421,15566097,18072324,22713483,26920254,28861905,35314775,44694469,56730348,70191972,80154340,88165022,91894951,100063976,107892813,116981395,121299644,127766013,134407009,141026283,150866738,158320946,172163098,191080160,201767045,217002048,230145905,237038146,243531265,253781362,261704227,263457209,266094216,272132282,267506363,271598482,276676734,288784786,290241363,286654211,271770401,277429391,280727565
"    Mortgages, notes, bonds payable in 1 year or more",991276,1456055,NaN,NaN,2306543,NaN,2870865,3417483,3715068,3954840,4977186,5350168,6060129,7533807,9765416,10923165,11401107,12756801,15069322,17752924,20430300,21898027,23970683,26216431,33579619,45653407,54392612,65243714,94253472,132543936,161662030,178387605,181550423,180851262,189787445,202528875,220462442,237076624,272619511,298319640,335947654,371088397,395197355,408667969,432426246,479247988,546497451,599683823,670919653,693926473,653392083,620712240,615136420,626638104,643309865,676662420,724136399,742842831,771050159,784772317,800671326,889396038,903844871,1018831526
    Other liabilities,339794,420386,NaN,NaN,484076,NaN,608603,736891,NaN,NaN,1094512,NaN,NaN,NaN,2009803,NaN,1894673,NaN,2620253,2662216,2944337,3105186,3529611,3976060,6158172,7644326,9131317,11698761,17972375,21692077,24833616,25365877,25332035,26208730,25467057,26524938,26368951,28760159,35380750,38487141,43336458,49548566,54048975,55530573,65085748,81501540,91609026,110678910,117991761,161033682,164864705,168140334,175007088,150016440,153245816,153803257,155612922,160312601,168055592,157424828,181705511,211135746,234170181,301537093
"    Net worth, total",3614898,4074967,NaN,NaN,6007382,NaN,7880264,8310563,9759339,10463293,12277286,11629910,11720067,13289126,14377712,14986003,15273193,16159992,17370559,18122221,17408280,14791090,13104306,18442766,26136679,33642263,40129020,50123683,119705739,159433517,180038899,193944989,201880951,226343227,248926119,271891262,291993371,325065063,379751741,421085712,481618658,521170310,546602105,571067882,603930881,678239209,765489743,862966638,942978514,917626964,913662261,983744081,1040730474,1118778763,1184871271,1308880550,1382238615,1462188500,1554229602,1614838318,1737465119,1911739879,2295407574,2365868262
        Capital stock,1906750,2333168,NaN,NaN,3523959,NaN,4276195,4425561,NaN,NaN,5898834,NaN,NaN,NaN,6697023,NaN,7381093,NaN,8666085,9239747,10161402,9636760,9473357,10402125,12371229,13791118,14107758,16662036,23106941,28192817,31536301,35094732,37973247,42268498,44235721,47060882,49111227,51418421,52589889,56495371,60827529,64779411,65876016,67804461,69632450,72636381,76208076,79149187,85433083,87638218,87598217,89882743,90631870,94496751,95664451,96731583,99569333,103522714,105946492,107457960,105672737,106210609,109235165,111154245
        Additional paid-in capital,182899,284467,NaN,NaN,465612,NaN,720772,783693,NaN,NaN,1301968,NaN,NaN,NaN,2001504,NaN,2592954,NaN,3614761,3843162,4530191,4862499,5736741,6953583,9411760,12990677,16186131,21581655,28499527,38052370,48220378,57366758,68611914,79593542,87640329,90411218,99298966,107988909,125608318,138700074,166085831,176373453,188137186,204466294,225230044,238842169,267163708,279053612,318396747,333446232,347803599,371522903,371964981,411248514,469825487,456192000,490922539,554491080,525711480,548498384,571233193,579910396,620946580,681860113
"        Retained Earnings, appropriated (aka Surplus Reserves) (1959-1985)",51370,70941,NaN,NaN,66928,NaN,64334,86987,NaN,NaN,210296,NaN,NaN,NaN,200518,NaN,226684,NaN,316496,393354,375413,349389,417158,659843,547000,1239473,1177666,NaN,NaN,NaN,NaN,NaN,NaN,NaN,NaN,NaN,NaN,NaN,NaN,NaN,NaN,NaN,NaN,NaN,NaN,NaN,NaN,NaN,NaN,NaN,NaN,NaN,NaN,NaN,NaN,NaN,NaN,NaN,NaN,NaN,NaN,NaN,NaN,NaN
"        Retained earnings, unappropriated (1959-1985)",1473879,1386391,NaN,NaN,1950883,NaN,2818963,3153519,NaN,NaN,5189347,NaN,NaN,NaN,3582977,NaN,3801707,NaN,3625060,3591166,3176082,1918470,1787734,7519196,11910979,17341907,21969777,NaN,NaN,NaN,NaN,NaN,NaN,NaN,NaN,NaN,NaN,NaN,NaN,NaN,NaN,NaN,NaN,NaN,NaN,NaN,NaN,NaN,NaN,NaN,NaN,NaN,NaN,NaN,NaN,NaN,NaN,NaN,NaN,NaN,NaN,NaN,NaN,NaN
"        Retained earnings, unappropriated (1986-2019)",NaN,NaN,NaN,NaN,NaN,NaN,NaN,NaN,NaN,NaN,NaN,NaN,NaN,NaN,NaN,NaN,NaN,NaN,NaN,NaN,NaN,NaN,NaN,NaN,NaN,NaN,NaN,15584590,75873477,102816168,111613230,113908215,108505379,118063424,131159615,149417844,160217456,183150065,220056773,245282852,276665821,300857081,322489863,330124061,341420122,403598772,461630052,549280983,586516071,551167819,535447549,584557316,642978396,681972590,692477132,838585325,877759780,894447082,1017780083,1056131609,1162004122,1330423964,1681672859,1690478989
"        Shareholders undistributed taxable income, previously taxed (1973-85)",NaN,NaN,NaN,NaN,NaN,NaN,NaN,NaN,NaN,NaN,NaN,NaN,NaN,NaN,2429078,2434520,1907205,1687752,2022427,1963659,339139,-768994,-3031949,-5268386,-6526161,-7593986,-5512407,NaN,NaN,NaN,NaN,NaN,NaN,NaN,NaN,NaN,NaN,NaN,NaN,NaN,NaN,NaN,NaN,NaN,NaN,NaN,NaN,NaN,NaN,NaN,NaN,NaN,NaN,NaN,NaN,NaN,NaN,NaN,NaN,NaN,NaN,NaN,NaN,NaN
        Accumulated Adjustments Account (1983-85),NaN,NaN,NaN,NaN,NaN,NaN,NaN,NaN,NaN,NaN,NaN,NaN,NaN,NaN,NaN,NaN,NaN,NaN,NaN,NaN,NaN,NaN,NaN,NaN,340979,-2112909,-5088087,NaN,NaN,NaN,NaN,NaN,NaN,NaN,NaN,NaN,NaN,NaN,NaN,NaN,NaN,NaN,NaN,NaN,NaN,NaN,NaN,NaN,NaN,NaN,NaN,NaN,NaN,NaN,NaN,NaN,NaN,NaN,NaN,NaN,NaN,NaN,NaN,NaN
        Other Adjustments Account (1983-85),NaN,NaN,NaN,NaN,NaN,NaN,NaN,NaN,NaN,NaN,NaN,NaN,NaN,NaN,NaN,NaN,NaN,NaN,NaN,NaN,NaN,NaN,NaN,NaN,341719,789941,472102,NaN,NaN,NaN,NaN,NaN,NaN,NaN,NaN,NaN,NaN,NaN,NaN,NaN,NaN,NaN,NaN,NaN,NaN,NaN,NaN,NaN,NaN,NaN,NaN,NaN,NaN,NaN,NaN,NaN,NaN,NaN,NaN,NaN,NaN,NaN,NaN,NaN
        Adjustments to shareholders' equity (1998-2000),NaN,NaN,NaN,NaN,NaN,NaN,NaN,NaN,NaN,NaN,NaN,NaN,NaN,NaN,NaN,NaN,NaN,NaN,NaN,NaN,NaN,NaN,NaN,NaN,NaN,NaN,NaN,NaN,NaN,NaN,NaN,NaN,NaN,NaN,NaN,NaN,NaN,NaN,NaN,1963530,2111475,6906299,NaN,NaN,NaN,NaN,NaN,NaN,NaN,NaN,NaN,NaN,NaN,NaN,NaN,NaN,NaN,NaN,NaN,NaN,NaN,NaN,NaN,NaN
        Less:  Cost of treasury stock (1966-2019),NaN,NaN,NaN,NaN,NaN,NaN,NaN,139197,NaN,NaN,323159,NaN,NaN,NaN,533388,NaN,636450,NaN,874270,908867,1173947,1207034,1278735,1823595,2260826,2803958,3183920,3704598,7774206,9627838,11331010,12424716,13209589,13582237,14109546,14998682,16634278,17492332,18503239,21356115,24071998,27745934,29900960,31326934,32351735,36838113,39512093,44517144,47367387,54625305,57187104,62218881,64844773,68939092,73095799,82628358,86013038,90272376,95208453,97249634,101444933,104805089,116447029,117625085
"    Addendum (L.1): Retained earnings, all  (1959-2019) [  =sum(l.36:l.42) ]",1525249,1457332,NaN,NaN,2017811,NaN,2883297,3240506,NaN,NaN,5399643,NaN,NaN,NaN,6212573,NaN,5935596,NaN,5963983,5948179,3890634,1498865,-827057,2910653,6614516,9664426,13019051,15584590,75873477,102816168,111613230,113908215,108505379,118063424,131159615,149417844,160217456,183150065,220056773,247246382,278777296,307763380,322489863,330124061,341420122,403598772,461630052,549280983,586516071,551167819,535447549,584557316,642978396,681972590,692477132,838585325,877759780,894447082,1017780083,1056131609,1162004122,1330423964,1681672859,1690478989
"    Addendum (L.2): Retained Earnings, Unappropriated (1986-1989) [=sum(l46:l.50)]",NaN,NaN,NaN,NaN,NaN,NaN,NaN,NaN,NaN,NaN,NaN,NaN,NaN,NaN,NaN,NaN,NaN,NaN,NaN,NaN,NaN,NaN,NaN,NaN,NaN,NaN,NaN,NaN,NaN,NaN,NaN,NaN,NaN,NaN,NaN,NaN,NaN,NaN,NaN,NaN,NaN,NaN,NaN,NaN,NaN,NaN,NaN,NaN,NaN,NaN,NaN,NaN,NaN,NaN,NaN,NaN,NaN,NaN,NaN,NaN,NaN,NaN,NaN,NaN
    Addendum (L.2.1): Retained Earnings unappropriated (reported) (1986-1989),NaN,NaN,NaN,NaN,NaN,NaN,NaN,NaN,NaN,NaN,NaN,NaN,NaN,NaN,NaN,NaN,NaN,NaN,NaN,NaN,NaN,NaN,NaN,NaN,NaN,NaN,NaN,15584590,75873477,102816168,111613230,NaN,NaN,NaN,NaN,NaN,NaN,NaN,NaN,NaN,NaN,NaN,NaN,NaN,NaN,NaN,NaN,NaN,NaN,NaN,NaN,NaN,NaN,NaN,NaN,NaN,NaN,NaN,NaN,NaN,NaN,NaN,NaN,NaN
"    Addendum (L.2.2): Shareholders undistributed taxable income, previously taxed (1986-89)",NaN,NaN,NaN,NaN,NaN,NaN,NaN,NaN,NaN,NaN,NaN,NaN,NaN,NaN,NaN,NaN,NaN,NaN,NaN,NaN,NaN,NaN,NaN,NaN,NaN,NaN,NaN,-3980348,-2016435,-1211005,-792988,NaN,NaN,NaN,NaN,NaN,NaN,NaN,NaN,NaN,NaN,NaN,NaN,NaN,NaN,NaN,NaN,NaN,NaN,NaN,NaN,NaN,NaN,NaN,NaN,NaN,NaN,NaN,NaN,NaN,NaN,NaN,NaN,NaN
    Addendum (L.2.3): Accumulated Adjustments Account (1986-89),NaN,NaN,NaN,NaN,NaN,NaN,NaN,NaN,NaN,NaN,NaN,NaN,NaN,NaN,NaN,NaN,NaN,NaN,NaN,NaN,NaN,NaN,NaN,NaN,NaN,NaN,NaN,-9331826,-1047355,5471845,5227980,NaN,NaN,NaN,NaN,NaN,NaN,NaN,NaN,NaN,NaN,NaN,NaN,NaN,NaN,NaN,NaN,NaN,NaN,NaN,NaN,NaN,NaN,NaN,NaN,NaN,NaN,NaN,NaN,NaN,NaN,NaN,NaN,NaN
    Addendum (L.2.4): Other Adjustments Account (1986-89),NaN,NaN,NaN,NaN,NaN,NaN,NaN,NaN,NaN,NaN,NaN,NaN,NaN,NaN,NaN,NaN,NaN,NaN,NaN,NaN,NaN,NaN,NaN,NaN,NaN,NaN,NaN,846485,1267730,1203366,1117477,NaN,NaN,NaN,NaN,NaN,NaN,NaN,NaN,NaN,NaN,NaN,NaN,NaN,NaN,NaN,NaN,NaN,NaN,NaN,NaN,NaN,NaN,NaN,NaN,NaN,NaN,NaN,NaN,NaN,NaN,NaN,NaN,NaN
    Addendum (L.2.5): Other Retained Earnings (1986-89),NaN,NaN,NaN,NaN,NaN,NaN,NaN,NaN,NaN,NaN,NaN,NaN,NaN,NaN,NaN,NaN,NaN,NaN,NaN,NaN,NaN,NaN,NaN,NaN,NaN,NaN,NaN,28050279,77669537,97351962,106060761,NaN,NaN,NaN,NaN,NaN,NaN,NaN,NaN,NaN,NaN,NaN,NaN,NaN,NaN,NaN,NaN,NaN,NaN,NaN,NaN,NaN,NaN,NaN,NaN,NaN,NaN,NaN,NaN,NaN,NaN,NaN,NaN,NaN
"    Addendum (L.3): Retained Earnings, Unappropriated (1959-65) [ =l.52+l.53  ]",1473879,1386391,NaN,NaN,1950883,NaN,2818963,NaN,NaN,NaN,NaN,NaN,NaN,NaN,NaN,NaN,NaN,NaN,NaN,NaN,NaN,NaN,NaN,NaN,NaN,NaN,NaN,NaN,NaN,NaN,NaN,NaN,NaN,NaN,NaN,NaN,NaN,NaN,NaN,NaN,NaN,NaN,NaN,NaN,NaN,NaN,NaN,NaN,NaN,NaN,NaN,NaN,NaN,NaN,NaN,NaN,NaN,NaN,NaN,NaN,NaN,NaN,NaN,NaN
"    Addendum (L.3.1): Earned Surplus and undivided profits, accumulated (1959-65)",1262392,1249119,NaN,NaN,1393493,NaN,1930867,NaN,NaN,NaN,NaN,NaN,NaN,NaN,NaN,NaN,NaN,NaN,NaN,NaN,NaN,NaN,NaN,NaN,NaN,NaN,NaN,NaN,NaN,NaN,NaN,NaN,NaN,NaN,NaN,NaN,NaN,NaN,NaN,NaN,NaN,NaN,NaN,NaN,NaN,NaN,NaN,NaN,NaN,NaN,NaN,NaN,NaN,NaN,NaN,NaN,NaN,NaN,NaN,NaN,NaN,NaN,NaN,NaN
    Addendum (L.3.2): Shareholders undistributed Taxable income (1959-69),211487,137272,NaN,NaN,557390,NaN,888096,1228615,NaN,NaN,1892692,NaN,NaN,NaN,NaN,NaN,NaN,NaN,NaN,NaN,NaN,NaN,NaN,NaN,NaN,NaN,NaN,NaN,NaN,NaN,NaN,NaN,NaN,NaN,NaN,NaN,NaN,NaN,NaN,NaN,NaN,NaN,NaN,NaN,NaN,NaN,NaN,NaN,NaN,NaN,NaN,NaN,NaN,NaN,NaN,NaN,NaN,NaN,NaN,NaN,NaN,NaN,NaN,NaN
    Addendum (L.4): MNB payable in less than 1 year to banks (1959-60),418300,522340,NaN,NaN,NaN,NaN,NaN,NaN,NaN,NaN,NaN,NaN,NaN,NaN,NaN,NaN,NaN,NaN,NaN,NaN,NaN,NaN,NaN,NaN,NaN,NaN,NaN,NaN,NaN,NaN,NaN,NaN,NaN,NaN,NaN,NaN,NaN,NaN,NaN,NaN,NaN,NaN,NaN,NaN,NaN,NaN,NaN,NaN,NaN,NaN,NaN,NaN,NaN,NaN,NaN,NaN,NaN,NaN,NaN,NaN,NaN,NaN,NaN,NaN
    Addendum (L.5): MNB payable in less than 1 year to small business investment companies (1959-60),12493,9795,NaN,NaN,NaN,NaN,NaN,NaN,NaN,NaN,NaN,NaN,NaN,NaN,NaN,NaN,NaN,NaN,NaN,NaN,NaN,NaN,NaN,NaN,NaN,NaN,NaN,NaN,NaN,NaN,NaN,NaN,NaN,NaN,NaN,NaN,NaN,NaN,NaN,NaN,NaN,NaN,NaN,NaN,NaN,NaN,NaN,NaN,NaN,NaN,NaN,NaN,NaN,NaN,NaN,NaN,NaN,NaN,NaN,NaN,NaN,NaN,NaN,NaN
    Addendum (L.6): MNB payable in less than 1 year to shareholders (1959-60),169120,256426,NaN,NaN,NaN,NaN,NaN,NaN,NaN,NaN,NaN,NaN,NaN,NaN,NaN,NaN,NaN,NaN,NaN,NaN,NaN,NaN,NaN,NaN,NaN,NaN,NaN,NaN,NaN,NaN,NaN,NaN,NaN,NaN,NaN,NaN,NaN,NaN,NaN,NaN,NaN,NaN,NaN,NaN,NaN,NaN,NaN,NaN,NaN,NaN,NaN,NaN,NaN,NaN,NaN,NaN,NaN,NaN,NaN,NaN,NaN,NaN,NaN,NaN
    Addendum (L.7): MNB payable in less than 1 year to others (1959-60),276265,370911,NaN,NaN,NaN,NaN,NaN,NaN,NaN,NaN,NaN,NaN,NaN,NaN,NaN,NaN,NaN,NaN,NaN,NaN,NaN,NaN,NaN,NaN,NaN,NaN,NaN,NaN,NaN,NaN,NaN,NaN,NaN,NaN,NaN,NaN,NaN,NaN,NaN,NaN,NaN,NaN,NaN,NaN,NaN,NaN,NaN,NaN,NaN,NaN,NaN,NaN,NaN,NaN,NaN,NaN,NaN,NaN,NaN,NaN,NaN,NaN,NaN,NaN
    Addendum (L.8): MNB payable in less than 1 year to not stated (1959-60),218364,277783,NaN,NaN,NaN,NaN,NaN,NaN,NaN,NaN,NaN,NaN,NaN,NaN,NaN,NaN,NaN,NaN,NaN,NaN,NaN,NaN,NaN,NaN,NaN,NaN,NaN,NaN,NaN,NaN,NaN,NaN,NaN,NaN,NaN,NaN,NaN,NaN,NaN,NaN,NaN,NaN,NaN,NaN,NaN,NaN,NaN,NaN,NaN,NaN,NaN,NaN,NaN,NaN,NaN,NaN,NaN,NaN,NaN,NaN,NaN,NaN,NaN,NaN
    Addendum (L.9): MNB payable in more than 1 year to banks (1959-60),171817,267968,NaN,NaN,NaN,NaN,NaN,NaN,NaN,NaN,NaN,NaN,NaN,NaN,NaN,NaN,NaN,NaN,NaN,NaN,NaN,NaN,NaN,NaN,NaN,NaN,NaN,NaN,NaN,NaN,NaN,NaN,NaN,NaN,NaN,NaN,NaN,NaN,NaN,NaN,NaN,NaN,NaN,NaN,NaN,NaN,NaN,NaN,NaN,NaN,NaN,NaN,NaN,NaN,NaN,NaN,NaN,NaN,NaN,NaN,NaN,NaN,NaN,NaN
    Addendum (L.10): MNB payable in more than 1 year to small business investment companies (1959-60),11017,16014,NaN,NaN,NaN,NaN,NaN,NaN,NaN,NaN,NaN,NaN,NaN,NaN,NaN,NaN,NaN,NaN,NaN,NaN,NaN,NaN,NaN,NaN,NaN,NaN,NaN,NaN,NaN,NaN,NaN,NaN,NaN,NaN,NaN,NaN,NaN,NaN,NaN,NaN,NaN,NaN,NaN,NaN,NaN,NaN,NaN,NaN,NaN,NaN,NaN,NaN,NaN,NaN,NaN,NaN,NaN,NaN,NaN,NaN,NaN,NaN,NaN,NaN
    Addendum (L.11): MNB payable in more than 1 year to shareholders (1959-60),243169,345734,NaN,NaN,NaN,NaN,NaN,NaN,NaN,NaN,NaN,NaN,NaN,NaN,NaN,NaN,NaN,NaN,NaN,NaN,NaN,NaN,NaN,NaN,NaN,NaN,NaN,NaN,NaN,NaN,NaN,NaN,NaN,NaN,NaN,NaN,NaN,NaN,NaN,NaN,NaN,NaN,NaN,NaN,NaN,NaN,NaN,NaN,NaN,NaN,NaN,NaN,NaN,NaN,NaN,NaN,NaN,NaN,NaN,NaN,NaN,NaN,NaN,NaN
    Addendum (L.12): MNB payable in more than 1 year to others (1959-60),335488,468322,NaN,NaN,NaN,NaN,NaN,NaN,NaN,NaN,NaN,NaN,NaN,NaN,NaN,NaN,NaN,NaN,NaN,NaN,NaN,NaN,NaN,NaN,NaN,NaN,NaN,NaN,NaN,NaN,NaN,NaN,NaN,NaN,NaN,NaN,NaN,NaN,NaN,NaN,NaN,NaN,NaN,NaN,NaN,NaN,NaN,NaN,NaN,NaN,NaN,NaN,NaN,NaN,NaN,NaN,NaN,NaN,NaN,NaN,NaN,NaN,NaN,NaN
    Addendum (L.13): MNB payable in more than 1 year to not stated (1959-60),229785,358017,NaN,NaN,NaN,NaN,NaN,NaN,NaN,NaN,NaN,NaN,NaN,NaN,NaN,NaN,NaN,NaN,NaN,NaN,NaN,NaN,NaN,NaN,NaN,NaN,NaN,NaN,NaN,NaN,NaN,NaN,NaN,NaN,NaN,NaN,NaN,NaN,NaN,NaN,NaN,NaN,NaN,NaN,NaN,NaN,NaN,NaN,NaN,NaN,NaN,NaN,NaN,NaN,NaN,NaN,NaN,NaN,NaN,NaN,NaN,NaN,NaN,NaN
Total receipts [=sum(l.65:l.78)],19199731,23417799,26175449,29808701,35083133,40112212,46442511,50909933,56752764,61765015,73260632,77631396,79788892,90999639,110890533,123143669,128016555,148438448,164317459,194224117,212706226,210322424,212514030,243056569,300248422,385026843,430641781,483986301,972246266,1263988377,1463966315,1620702664,1682984576,1821882961,1997596804,2210945344,2405073461,2618094172,2895237519,3061133169,3300868762,3617477105,3761512350,3910926701,4232565964,4737162166,5252513618,5815389092,6092467565,6126386899,5392866853,5684431238,6230405646,6572866128,6890396496,7379538361,7504357192,7690011699,8116169966,8388959165,8573074509,8294847223,9717273264,10689519027
    Business receipts,18858054,22946017,25593550,29108623,34245587,39292010,45433118,49858410,55742555,60467277,71472075,76097159,78081121,88738155,108259415,120307229,125333032,145251251,160329161,189695182,208205344,204887368,206357914,235010755,290764938,372732439,416041188,466712837,951305832,1236906216,1434527066,1588070882,1655481071,1790836830,1967936737,2173454305,2366453853,2571988996,2840623943,3004118934,3242797429,3557650166,3691120151,3841281106,4152365102,4645693720,5147016759,5699803000,5974197102,6013292245,5285451212,5567202247,6102106924,6427057090,6745095028,7225097382,7346364503,7519683357,7938822660,8205698998,8382097814,8073955963,9446385693,10429590929
    Other receipts,108272,205343,NaN,306362,426180,330654,395317,442184,414827,565707,659577,626166,NaN,825072,929495,NaN,1210481,NaN,1615399,1900042,1615722,2052907,2266868,3191156,3785256,5544426,6199652,7477085,19176930,23958414,25726997,28680557,24436054,26818357,25839491,33036432,33195945,39697715,47775727,48952430,50486109,52665434,62669409,61322590,71732316,76996055,91705442,100071267,102190433,98909342,95389555,102590145,111005817,124835602,127642343,132999244,137113391,149845874,155455167,156400665,161432590,186814797,225602340,220490416
"    Net gain, noncapital assets",84158,104260,NaN,151440,140415,169187,211705,214994,175475,305879,426336,281094,NaN,560921,623635,NaN,331253,NaN,713226,828233,875002,1054098,924154,959922,1693497,1997580,2484454,2891688,1707940,2990059,3633705,3273249,2702228,3759769,3422795,3983530,4811274,5687811,5894594,7072292,6234480,5825277,6349825,7086227,7105203,13146282,11998752,13581482,13752231,11956314,10326749,12826927,15626705,18863175,15958585,19728021,19112715,18754805,20016536,24772866,27786412,31630804,41670165,37513771
    Interest on SL Government Obligations (Tax Exempt) (1959-1983 & 1991-2019),3567,690,NaN,1392,948,NaN,422,NaN,7187,2088,1501,4726,NaN,3548,4702,NaN,8778,NaN,13441,7062,6305,7696,15027,19014,6718,NaN,NaN,NaN,NaN,NaN,NaN,NaN,365223,468006,397781,471077,612389,719651,943255,989514,1350743,1336228,1372965,1236779,1363342,1326110,1792664,1933344,2327799,2228997,1699338,1811919,1666200,2110262,1700541,1713715,1766583,1727663,1875604,2086636,1757693,2445659,3615066,1923911
    Nonqualifying interest and dividends (1983-1986),NaN,NaN,NaN,NaN,NaN,NaN,NaN,NaN,NaN,NaN,NaN,NaN,NaN,NaN,NaN,NaN,NaN,NaN,NaN,NaN,NaN,NaN,NaN,NaN,2044206,2744626,3122184,3431878,NaN,NaN,NaN,NaN,NaN,NaN,NaN,NaN,NaN,NaN,NaN,NaN,NaN,NaN,NaN,NaN,NaN,NaN,NaN,NaN,NaN,NaN,NaN,NaN,NaN,NaN,NaN,NaN,NaN,NaN,NaN,NaN,NaN,NaN,NaN,NaN
    Interest (1982),NaN,NaN,NaN,NaN,NaN,NaN,NaN,NaN,NaN,NaN,NaN,NaN,NaN,NaN,NaN,NaN,NaN,NaN,NaN,NaN,NaN,NaN,NaN,1663502,NaN,NaN,NaN,NaN,NaN,NaN,NaN,NaN,NaN,NaN,NaN,NaN,NaN,NaN,NaN,NaN,NaN,NaN,NaN,NaN,NaN,NaN,NaN,NaN,NaN,NaN,NaN,NaN,NaN,NaN,NaN,NaN,NaN,NaN,NaN,NaN,NaN,NaN,NaN,NaN
    Interest on Government Obligations (1966),NaN,NaN,NaN,NaN,NaN,NaN,NaN,8867,NaN,NaN,NaN,NaN,NaN,NaN,NaN,NaN,NaN,NaN,NaN,NaN,NaN,NaN,NaN,NaN,NaN,NaN,NaN,NaN,NaN,NaN,NaN,NaN,NaN,NaN,NaN,NaN,NaN,NaN,NaN,NaN,NaN,NaN,NaN,NaN,NaN,NaN,NaN,NaN,NaN,NaN,NaN,NaN,NaN,NaN,NaN,NaN,NaN,NaN,NaN,NaN,NaN,NaN,NaN,NaN
    Interest on US Government Obligations (1959-1981),1607,2338,NaN,1373,4266,4238,4442,NaN,10678,8730,14958,12745,NaN,8240,8778,NaN,16332,NaN,64234,33283,39454,47239,71622,NaN,NaN,NaN,NaN,NaN,NaN,NaN,NaN,NaN,NaN,NaN,NaN,NaN,NaN,NaN,NaN,NaN,NaN,NaN,NaN,NaN,NaN,NaN,NaN,NaN,NaN,NaN,NaN,NaN,NaN,NaN,NaN,NaN,NaN,NaN,NaN,NaN,NaN,NaN,NaN,NaN
    Other Interest (1959-1981),18195,24367,NaN,33270,38604,46527,64133,64927,85134,90915,160373,150246,NaN,210124,297331,NaN,336194,NaN,471571,513130,655312,831640,1049504,NaN,NaN,NaN,NaN,NaN,NaN,NaN,NaN,NaN,NaN,NaN,NaN,NaN,NaN,NaN,NaN,NaN,NaN,NaN,NaN,NaN,NaN,NaN,NaN,NaN,NaN,NaN,NaN,NaN,NaN,NaN,NaN,NaN,NaN,NaN,NaN,NaN,NaN,NaN,NaN,NaN
    Rents (1959-1986),37155,43064,NaN,71985,72423,104795,111198,149065,133927,155204,193215,215840,NaN,250550,323354,NaN,393281,NaN,483866,507816,489434,558964,804822,983915,1402399,1675383,2288906,2779168,NaN,NaN,NaN,NaN,NaN,NaN,NaN,NaN,NaN,NaN,NaN,NaN,NaN,NaN,NaN,NaN,NaN,NaN,NaN,NaN,NaN,NaN,NaN,NaN,NaN,NaN,NaN,NaN,NaN,NaN,NaN,NaN,NaN,NaN,NaN,NaN
    Royalties (1959-1986),1075,1539,NaN,1246,6984,8026,7731,8430,16647,13409,17150,5066,NaN,19001,13372,NaN,39567,NaN,76442,74848,38348,49498,78662,96255,259826,332388,355294,317683,NaN,NaN,NaN,NaN,NaN,NaN,NaN,NaN,NaN,NaN,NaN,NaN,NaN,NaN,NaN,NaN,NaN,NaN,NaN,NaN,NaN,NaN,NaN,NaN,NaN,NaN,NaN,NaN,NaN,NaN,NaN,NaN,NaN,NaN,NaN,NaN
    NSTCG-NLTCL (1959-1983),1762,5030,NaN,3560,3849,2480,4007,4267,6750,5253,5955,6490,NaN,7553,15887,NaN,8995,NaN,23120,28177,38503,47374,52065,60522,29344,NaN,NaN,NaN,NaN,NaN,NaN,NaN,NaN,NaN,NaN,NaN,NaN,NaN,NaN,NaN,NaN,NaN,NaN,NaN,NaN,NaN,NaN,NaN,NaN,NaN,NaN,NaN,NaN,NaN,NaN,NaN,NaN,NaN,NaN,NaN,NaN,NaN,NaN,NaN
    NLTCG-NSTCL (1959-1990),82531,81778,NaN,124071,139629,148174,201553,151473,152021,137525,298918,220589,232393,365544,402052,428761,320318,386708,504854,610019,721842,751147,847839,973899,262239,NaN,150102,375963,55563,133688,78547,405608,NaN,NaN,NaN,NaN,NaN,NaN,NaN,NaN,NaN,NaN,NaN,NaN,NaN,NaN,NaN,NaN,NaN,NaN,NaN,NaN,NaN,NaN,NaN,NaN,NaN,NaN,NaN,NaN,NaN,NaN,NaN,NaN
"    Dividends (1959-1982)  (=l.80 + l.81 when available, else as reported)",3355,3373,NaN,5202,4248,6121,8885,7316,7563,13028,10574,11275,NaN,10931,12512,NaN,18324,NaN,22145,26326,20961,34492,45554,97630,NaN,NaN,NaN,NaN,NaN,NaN,NaN,NaN,NaN,NaN,NaN,NaN,NaN,NaN,NaN,NaN,NaN,NaN,NaN,NaN,NaN,NaN,NaN,NaN,NaN,NaN,NaN,NaN,NaN,NaN,NaN,NaN,NaN,NaN,NaN,NaN,NaN,NaN,NaN,NaN
    Addendum (R.1): Total Receipts (1991+ DEFINITION),19054051,23256310,NaN,29567817,34813130,39791851,46040562,50515588,56340044,61340951,72559489,77009145,78081121,90127696,109817247,120307229,126883544,145251251,162671227,192430519,210702373,208002069,209563963,239180847,296250409,380274445,424725294,477081610,972190702,1263854689,1463887768,1620024688,1682984576,1821882962,1997596804,2210945344,2405073461,2618094173,2895237519,3061133170,3300868761,3617477105,3761512350,3910926702,4232565963,4737162167,5252513617,5815389093,6092467565,6126386898,5392866854,5684431238,6230405646,6572866129,6890396497,7379538362,7504357192,7690011699,8116169967,8388959165,8573074509,NaN,NaN,NaN
    Addendum (R.2): Dividends Received from Domestic Corps (1968-1982),NaN,NaN,NaN,NaN,NaN,NaN,NaN,NaN,NaN,8600,10063,10650,NaN,10472,12234,NaN,18096,NaN,21729,25647,20583,32309,42133,90857,NaN,NaN,NaN,NaN,NaN,NaN,NaN,NaN,NaN,NaN,NaN,NaN,NaN,NaN,NaN,NaN,NaN,NaN,NaN,NaN,NaN,NaN,NaN,NaN,NaN,NaN,NaN,NaN,NaN,NaN,NaN,NaN,NaN,NaN,NaN,NaN,NaN,NaN,NaN,NaN
    Addendum (R.3): Dividends Received from Foreign Corps (1968-1982),NaN,NaN,NaN,NaN,NaN,NaN,NaN,NaN,NaN,4428,511,625,NaN,459,278,NaN,228,NaN,416,679,378,2183,3421,6773,NaN,NaN,NaN,NaN,NaN,NaN,NaN,NaN,NaN,NaN,NaN,NaN,NaN,NaN,NaN,NaN,NaN,NaN,NaN,NaN,NaN,NaN,NaN,NaN,NaN,NaN,NaN,NaN,NaN,NaN,NaN,NaN,NaN,NaN,NaN,NaN,NaN,NaN,NaN,NaN
    Addendum (R.4): Taxable interest on US GO (issued on or after 3/1/41) (1959-60),1468,2217,NaN,NaN,NaN,NaN,NaN,NaN,NaN,NaN,NaN,NaN,NaN,NaN,NaN,NaN,NaN,NaN,NaN,NaN,NaN,NaN,NaN,NaN,NaN,NaN,NaN,NaN,NaN,NaN,NaN,NaN,NaN,NaN,NaN,NaN,NaN,NaN,NaN,NaN,NaN,NaN,NaN,NaN,NaN,NaN,NaN,NaN,NaN,NaN,NaN,NaN,NaN,NaN,NaN,NaN,NaN,NaN,NaN,NaN,NaN,NaN,NaN,NaN
    Addendum (R.5): Taxable Interst on US GO (Issues before 3/1/41) (1959-60),139,121,NaN,NaN,NaN,NaN,NaN,NaN,NaN,NaN,NaN,NaN,NaN,NaN,NaN,NaN,NaN,NaN,NaN,NaN,NaN,NaN,NaN,NaN,NaN,NaN,NaN,NaN,NaN,NaN,NaN,NaN,NaN,NaN,NaN,NaN,NaN,NaN,NaN,NaN,NaN,NaN,NaN,NaN,NaN,NaN,NaN,NaN,NaN,NaN,NaN,NaN,NaN,NaN,NaN,NaN,NaN,NaN,NaN,NaN,NaN,NaN,NaN,NaN
    Addendum (R.6): Nontaxable interest on GO (1959-60) (Assigned S+L),3567,690,NaN,NaN,NaN,NaN,NaN,NaN,NaN,NaN,NaN,NaN,NaN,NaN,NaN,NaN,NaN,NaN,NaN,NaN,NaN,NaN,NaN,NaN,NaN,NaN,NaN,NaN,NaN,NaN,NaN,NaN,NaN,NaN,NaN,NaN,NaN,NaN,NaN,NaN,NaN,NaN,NaN,NaN,NaN,NaN,NaN,NaN,NaN,NaN,NaN,NaN,NaN,NaN,NaN,NaN,NaN,NaN,NaN,NaN,NaN,NaN,NaN,NaN
"    Addendum (R.7): Interest on Government Obligations, Total (1966-1968)",NaN,NaN,NaN,NaN,NaN,NaN,NaN,8867,17865,10818,NaN,NaN,NaN,NaN,NaN,NaN,NaN,NaN,NaN,NaN,NaN,NaN,NaN,NaN,NaN,NaN,NaN,NaN,NaN,NaN,NaN,NaN,NaN,NaN,NaN,NaN,NaN,NaN,NaN,NaN,NaN,NaN,NaN,NaN,NaN,NaN,NaN,NaN,NaN,NaN,NaN,NaN,NaN,NaN,NaN,NaN,NaN,NaN,NaN,NaN,NaN,NaN,NaN,NaN
    Addendum (R.8): Tax Exempt Interest (1982-83) ( Assigned S+L),NaN,NaN,NaN,NaN,NaN,NaN,NaN,NaN,NaN,NaN,NaN,NaN,NaN,NaN,NaN,NaN,NaN,NaN,NaN,NaN,NaN,NaN,NaN,19014,6718,NaN,NaN,NaN,NaN,NaN,NaN,NaN,NaN,NaN,NaN,NaN,NaN,NaN,NaN,NaN,NaN,NaN,NaN,NaN,NaN,NaN,NaN,NaN,NaN,NaN,NaN,NaN,NaN,NaN,NaN,NaN,NaN,NaN,NaN,NaN,NaN,NaN,NaN,NaN
    Addendum (R.9): NLTCG-NSTCL (1984),NaN,NaN,NaN,NaN,NaN,NaN,NaN,NaN,NaN,NaN,NaN,NaN,NaN,NaN,NaN,NaN,NaN,NaN,NaN,NaN,NaN,NaN,NaN,NaN,NaN,58660,NaN,NaN,NaN,NaN,NaN,NaN,NaN,NaN,NaN,NaN,NaN,NaN,NaN,NaN,NaN,NaN,NaN,NaN,NaN,NaN,NaN,NaN,NaN,NaN,NaN,NaN,NaN,NaN,NaN,NaN,NaN,NaN,NaN,NaN,NaN,NaN,NaN,NaN
Total deductions [ =sum(l.89:l.107)  ],18800865,23034630,NaN,29100212,34282732,39070852,44994234,49252616,54892390,59815392,71008177,75775162,NaN,88120990,107215254,NaN,124765679,NaN,159553539,188868315,208904343,207795816,210628257,239989612,295166353,378120177,422889228,475317097,948039189,1230451233,1431417891,1587774578,1653544441,1775218647,1943065132,2136522726,2327562043,2524235678,2782571586,2935284231,3162169414,3477031750,3617587204,3759078454,4059628006,4518457226,4967817445,5517526275,5802941412,5884131516,5170278350,5413607772,5936230728,6192398601,6507752631,6957044701,7045542365,7202766393,7634295869,7898060840,8060676734,7738838003,8958312910,9924326118
    Cost of Sales and Operations (1959-1993),14346693,17275261,NaN,21493296,25082324,29017749,33476283,36378651,40805087,43976948,51781393,54362453,55575110,63397274,77689570,NaN,89009826,NaN,112993516,135415481,150357861,144527799,141783813,157797391,191912929,250668947,280594984,306147915,652887817,851245375,979932708,1071813435,1115192717,1176459501,1296129266,NaN,NaN,NaN,NaN,NaN,NaN,NaN,NaN,NaN,NaN,NaN,NaN,NaN,NaN,NaN,NaN,NaN,NaN,NaN,NaN,NaN,NaN,NaN,NaN,NaN,NaN,NaN,NaN,NaN
    Cost of Goods Sold (1994-2019),NaN,NaN,NaN,NaN,NaN,NaN,NaN,NaN,NaN,NaN,NaN,NaN,NaN,NaN,NaN,NaN,NaN,NaN,NaN,NaN,NaN,NaN,NaN,NaN,NaN,NaN,NaN,NaN,NaN,NaN,NaN,NaN,NaN,NaN,NaN,1437630127,1558014880,1686903273,1846213271,1933927048,2059319673,2264680905,2318618935,2386824120,2576430390,2916564226,3225118818,3577640841,3771707473,3788537580,3198265692,3405244877,3798271989,3979469222,4193164145,4484922036,4448049578,4500704133,4775701518,4934907284,4998407338,4720449467,5568665056,6210401780
    Compensation of officers,880848,1095092,NaN,1493367,1748466,1984290,2230786,2561763,2806828,3238876,3942997,4381495,NaN,4536821,5191833,NaN,6000435,NaN,7755714,8763494,8773515,9330711,8830154,9436935,11727877,13820311,15282342,19774733,34448476,46620278,54576367,63449505,65113721,75648363,81477462,82841415,88534774,98748923,108270276,118740561,131111982,142173038,143262179,151988774,160754610,173784175,191364155,212457485,224487119,231091693,219131894,221710205,235037095,247064024,253983002,263438744,272857766,278326072,293207662,288973155,293662665,303082899,340098041,349956774
    Salaries and wages (1993-2019),NaN,NaN,NaN,NaN,NaN,NaN,NaN,NaN,NaN,NaN,NaN,NaN,NaN,NaN,NaN,NaN,NaN,NaN,NaN,NaN,NaN,NaN,NaN,NaN,NaN,NaN,NaN,NaN,NaN,NaN,NaN,NaN,NaN,NaN,174338319,191932297,214023087,229323211,281934980,304673213,335790495,371543914,NaN,418993431,449732962,490131058,538884702,588888215,611198408,618226025,596509858,610707675,639753930,686310710,730341569,783045336,838237834,875489138,925123923,944519330,971922948,967030916,1072302049,1164295039
    Repairs,75521,90242,NaN,138986,158951,189851,244401,243552,284554,322574,387034,441670,NaN,522821,643944,NaN,802893,NaN,1091368,1210226,1466059,1491985,1712758,1905391,2231018,2550884,2710339,3168734,5292068,6595963,7931776,8931686,9534259,10394975,12241755,13740949,14923736,16881022,18504868,18852368,20333638,21824808,23000445,24610355,26225941,28546066,31876280,35510962,36804788,37331809,34661233,36197752,39171195,40699195,42979566,46007574,49885644,50492117,51727722,NaN,55490093,54494244,62617740,71414113
    Bad debts,41846,54225,NaN,74458,89687,91112,121571,116548,109844,119864,153517,177646,NaN,195375,239768,NaN,295322,NaN,298834,381148,390179,405929,478659,584567,703205,904445,1003316,1139723,2286225,2607354,3386988,5124415,5483096,4978236,4615840,4550152,4904519,5445328,5978012,6287840,6568655,7422262,9608485,8844398,8990922,9653739,9013033,10106964,11631546,15903851,18552339,15727284,13793266,12238800,12036519,11913360,12030252,12798595,12807805,NaN,11981239,11926096,10485900,11539038
    Rent paid on business property,274605,315868,NaN,460583,544639,628606,719951,762155,870441,966347,1148650,1279238,NaN,1461153,1939409,NaN,2432543,NaN,3034312,3610500,3923446,4272520,4554801,5489463,6556693,7851469,8708598,10827675,18269050,23177136,28264360,32449639,35261862,37335925,39464151,42859713,48007962,53480778,58176400,68307705,77617605,87994131,97040772,105573552,112505390,117668535,128791090,142905107,153013485,159392195,156417815,156757769,159846339,166243987,168701179,179617290,188637786,193755265,201405186,209974766,219229617,210825616,228720065,249866093
    Taxes paid,286740,362284,NaN,520955,670234,739068,872119,1057297,1073998,1143429,1368202,1549661,1689567,2007745,2428074,2624580,2840616,3315705,3675486,4105569,4391520,4391791,4687576,5320249,6807895,8280204,9171552,10833878,19226129,24315271,28944462,33663414,35816458,39656425,43075069,46944089,50605800,53897108,59433721,62621621,66861519,71917080,76968469,80827691,89222910,100562982,105122787,113370213,116676433,105684133,108316619,116004085,123500386,132504653,139695178,145177739,152894126,156701708,162816572,164318899,172327443,166711086,202493527,231577670
    Interest paid,89656,124720,NaN,183151,224826,278575,313628,361294,396526,457647,634792,745919,779299,907861,1239847,1593847,1670545,1755611,2055696,2490670,3301141,3923710,4677645,5212068,5403386,7322208,8093848,8758641,13072055,17279458,22932763,24888751,24105288,20951115,20511607,22690239,27807346,28529779,33534784,37153707,40351393,47409313,49420350,38783242,37154873,39140880,50527490,66607001,75343546,66521930,52715765,47561234,44022709,42756599,40195470,40249448,41420947,44308262,48444988,50938090,56656571,55416856,51094118,56958435
    Contributions or Gifts (1959-1983),6954,7512,NaN,8739,11564,13494,15842,17045,20537,19825,24212,23205,NaN,30227,34163,NaN,37452,NaN,43071,51289,51254,46966,56865,102030,24778,NaN,NaN,NaN,NaN,NaN,NaN,NaN,NaN,NaN,NaN,NaN,NaN,NaN,NaN,NaN,NaN,NaN,NaN,NaN,NaN,NaN,NaN,NaN,NaN,NaN,NaN,NaN,NaN,NaN,NaN,NaN,NaN,NaN,NaN,NaN,NaN,NaN,NaN,NaN
    Amortization,3986,5100,NaN,5996,6170,10342,9671,7942,9676,8047,13749,9660,NaN,14275,24323,NaN,22367,NaN,45578,130672,51221,49567,181633,78984,225619,304579,284100,732138,1269254,1668711,2174269,2955761,3137116,3504061,3697911,3580368,3070907,3232667,3569790,3659562,4235894,4472580,5809155,5487574,5712477,6338037,6795752,7209727,8230440,9509851,10167474,10146606,10399825,10552965,10347551,11242153,11605908,12078585,12129178,13560777,14905837,13860130,14991344,16551868
    Depreciation,295201,382341,442765,515483,605476,703433,792852,892452,1006408,1070015,1238223,1436919,1483938,1693954,2059574,2366678,2539133,2849387,3270182,3740450,4342964,4828598,5198426,6479363,8186053,9962856,11468207,12855970,20179878,24686446,27896318,29261862,29626045,31426221,33795087,37042527,41283783,44778017,48746061,51485900,56874046,61551752,67038799,78299503,82261523,86588530,66795074,76305065,82440013,105468761,90415004,89426819,109851286,82560798,89155046,96034247,101856607,106959775,125058942,162886998,171137445,160094897,182645391,207673956
    Depletion,7027,20333,NaN,10000,17115,13711,30085,18364,21924,33203,24877,31308,NaN,18952,35677,NaN,72298,NaN,45135,35081,58212,82505,141879,101361,61183,94622,64864,96447,176541,209247,286950,247128,222822,261100,249912,298279,255183,216613,350952,495092,691031,597561,394116,343638,388873,504071,610901,741652,663554,694877,520615,555120,826821,813620,774513,709015,847664,634746,705307,794042,603230,325515,622463,773244
    Advertising,147528,183131,NaN,238317,278037,303676,339464,365170,407749,456400,554475,574563,NaN,663268,812145,NaN,999576,NaN,1305322,1629714,1644546,1875806,1887253,2234814,3059124,3714528,4342174,5155965,10031353,12950192,15470987,17017410,17179487,18252436,19618590,21537847,23417922,25016854,27680184,29455959,31483025,33237212,34456718,36889977,40398858,43879971,47567044,51460851,52547587,51461038,46881640,49149598,48948327,52397079,54233528,58539397,62165459,64085389,70101139,70974424,74520060,66633798,76994233,83085960
"    Pension, profit-sharing, stock bonus, and annuity plans",23587,28906,NaN,39303,64295,65072,90095,131611,134563,201595,306517,337147,NaN,237361,253578,327758,318631,343717,369085,398334,370672,365690,372000,468545,741261,1104697,1492520,1762926,3480002,4257531,4487243,4712688,5203636,5851011,6924578,7160417,7857924,8525203,10059851,10704288,12060415,13162205,14629966,16096900,17974203,19033753,20934802,23151253,24567582,24042313,22331544,22769510,24346338,26243096,27579369,30137188,31129469,34312161,35290163,36739665,37434340,37906333,43039328,44385977
    Employee benefit programs,34709,50450,NaN,43664,75375,67194,81290,90721,106826,99645,121158,150096,405599,211709,238038,274393,323752,379336,502732,532018,654177,725267,711707,980352,1330172,1716484,1893052,2181589,5014431,6606922,8325086,9936608,12801337,14028365,15307833,16125736,16759491,17847342,19856378,22010877,24189995,27602953,32180869,34873070,39766082,42818682,47211437,51263762,53097913,55651936,53883625,55255757,57941692,61465956,66400118,70575493,75354629,77921581,80930325,83117751,87912213,85859544,90256986,94162156
"    Net loss, noncapital assets",11856,7204,NaN,11304,32600,24452,13593,27991,23340,40152,51561,37887,NaN,49517,49884,NaN,105461,NaN,79532,89881,101065,140774,275304,297270,196336,350423,247516,284202,240591,280077,436231,530209,568349,357874,455795,540816,525930,550963,587800,641708,1398860,909850,1059332,853848,915490,1021117,1007114,1314476,1670812,2331493,3113856,2077855,2326577,1778770,1956856,1644364,2123491,2105658,2124414,1827660,1548379,1995927,1744331,1832087
    Other Deductions (includes salaries and wages) (1959-1992 & 2001),2274108,3031961,NaN,3862610,4672973,4940227,5642603,6220060,6814089,7660825,9256820,10236295,NaN,12172677,14335427,NaN,17294829,NaN,22987976,26283788,29026510,31336200,35077784,43500828,55998824,69473521,77531818,91596562,162165324,207951276,246371383,282792068,294298248,336113042,NaN,NaN,NaN,NaN,NaN,NaN,NaN,NaN,744098618,NaN,NaN,NaN,NaN,NaN,NaN,NaN,NaN,NaN,NaN,NaN,NaN,NaN,NaN,NaN,NaN,NaN,NaN,NaN,NaN,NaN
    Other deductions (1993-2019),NaN,NaN,NaN,NaN,NaN,NaN,NaN,NaN,NaN,NaN,NaN,NaN,NaN,NaN,NaN,NaN,NaN,NaN,NaN,NaN,NaN,NaN,NaN,NaN,NaN,NaN,NaN,NaN,NaN,NaN,NaN,NaN,NaN,NaN,191161958,207047756,227568799,250858598,259674259,266266785,293281188,320532186,NaN,369788383,411192503,442221403,496196965,558592701,578860715,612282030,558393376,574315625,628192953,649299127,676209023,733791317,756445205,792093207,836721028,868611116,892937313,882224678,1011542337,1129851929
    Addendum (D.1): Other Deductions w/S+W (Consistent Series),2274108,3031961,NaN,3862610,4672973,4940227,5642603,6220060,6814089,7660825,9256820,10236295,NaN,12172677,14335427,NaN,17294829,NaN,22987976,26283788,29026510,31336200,35077784,43500828,55998824,69473521,77531818,91596562,162165324,207951276,246371383,282792068,294298248,336113042,365500277,398980053,441591886,480181809,541609239,570939998,629071683,692076100,744098618,788781814,860925465,932352461,1035081667,1147480916,1190059123,1230508055,1154903234,1185023300,1267946883,1335609837,1406550592,1516836653,1594683039,1667582345,1761844951,1813130446,1864860261,1849255594,2083844386,NaN
Net income less deficit [ = l.65 +l.66+l.67- l.88 ],249619,220990,NaN,466213,529450,720999,1045906,1262972,1440467,1523471,1549811,1229257,NaN,2003058,2597291,NaN,2109087,NaN,3104247,3555142,1791725,198557,-1079321,-827779,1077338,2154268,1836066,1764513,24151513,33403456,32469877,32250110,29074912,46196309,54133891,73951541,76899029,93138842,111722678,124859425,137348605,139109127,142552181,150611468,171574616,217378830,282903509,295929473,287198354,240026386,220889166,269011547,292508717,378357265,380943325,420779946,457048244,485517643,479998493,488811689,510640083,553563561,755345288,763268999
Total income less deficit,395299,382479,564447,707097,799453,1040197,1447857,1655084,1853187,1947530,2250954,1851508,2160592,2875101,3670577,3549831,3242098,3671196,4750479,5348741,3795578,2518912,1870746,3047943,5075351,6906667,7602450,8293241,30017036,43536518,44779347,44831241,44745093,58329739,66233497,91676443,99128672,125245496,153063011,181788303,193756411,198535888,187686917,183478933,213681780,275398651,361042566,386202310,400730264,317090536,272466326,334093927,375437189,475998050,446185575,506756993,559607011,581173550,578057058,592359332,627786881,674543864,1017084896,915046548
Portfolio income,145680,161489,NaN,240884,270003,319198,401951,392112,412720,424064,701143,622251,NaN,872043,1073286,NaN,1133011,NaN,1646232,1793599,2003853,2320355,2950067,3875722,3998013,4752399,5766384,6528728,5865523,10133062,12309470,12581131,15670181,12133430,12099606,17724902,22229643,32106654,41340333,56928878,56407806,59426761,45134736,32867465,42107164,58019821,78139057,90272837,113531910,77064150,51577160,65082380,82928472,97640785,65242250,85977047,102558767,95655907,98058565,103547643,117146798,NaN,NaN,NaN
