Tax year,1959,1960,1961,1962,1963,1964,1965,1966,1967,1968,1969,1970,1971,1972,1973,1974,1975,1976,1977,1978,1979,1980,1981,1982,1983,1984,1985,1986,1987,1988,1989,1990,1991,1992,1993,1994,1995,1996,1997,1998,1999,2000,2001,2002,2003,2004,2005,2006,2007,2008,2009,2010,2011,2012,2013,2014,2015,2016,2017,2018,2019,2020,2021,2022
Number of returns,71140.0,90221.0,106048.0,123666.0,139112.0,157855.0,173410.0,181851.0,200784.0,217184.0,233807.0,257475.0,262068.0,287906.0,313080.0,333099.0,358413.0,391700.0,428204.0,468679.0,514907.0,545389.0,541489.0,564219.0,648267.0,701339.0,724749.0,826214.0,1.127905e6,1.257191e6,1.422967e6,1.575092e6,1.698271e6,1.785371e6,1.901505e6,2.023754e6,2.153119e6,2.304416e6,2.452254e6,2.588088e6,2.725775e6,2.860478e6,2.986486e6,3.154377e6,3.341606e6,3.518334e6,3.684086e6,3.872766e6,3.989893e6,4.049944e6,4.094562e6,4.127554e6,4.158572e6,4.205452e6,4.257909e6,4.380125e6,4.487336e6,4.592042e6,4.725684e6,4.874996e6,4.940351e6,4.892722e6,5.120552e6,5.266702e6
Total assets [ = sum(l.4 :l.17) - sum(l.18:l.21) ],0.01463309588347832,0.01721081267446191,NaN,0.02099533549034478,0.023270334928229663,0.024658802559682086,0.025919078687680945,0.026249104392105375,0.028180524885488726,0.028119025015654053,0.03142295760184353,0.031116491801476374,0.029828010473451516,0.03169627318995239,0.03433122628695867,0.034893751338786194,0.032956961346165714,0.0331998727455573,0.03437873097943824,0.03378472817857126,0.03264825661611984,0.030592765145642385,0.028428693615080068,0.03305019844254527,0.03913321957557956,0.044623744276630774,0.04792260460352539,0.05480256880958313,0.0913910623937354,0.11162800800849738,0.1218443058504887,0.12481800741353889,0.12498097409131897,0.12393407201816718,0.1268923929939219,0.12949762296706185,0.13319715804799345,0.1362993072568456,0.1524296546380599,0.1605994514729802,0.1691063678439135,0.17468736230547172,0.17794916078155504,0.1845263567712937,0.19086038100807842,0.19953114830931745,0.20990416840853007,0.22067618999502228,0.22967281957973856,0.22798476891659517,0.22379375216318587,0.22093759207855473,0.22059096162677666,0.22107080528633927,0.22166151517684443,0.22665504825098487,0.22654041168254593,0.2308123338831719,0.23049469653992213,0.21807598246480675,0.21673863130433443,0.2356395957554897,0.23475583964102978,0.22846977821279563
    Cash,0.0015871132973196793,0.0016604404275953112,NaN,NaN,0.0024064663895207467,NaN,0.0025459975831515756,0.0028087738839016785,NaN,NaN,0.0030893363403644795,NaN,NaN,NaN,0.0035408762319556384,NaN,0.003270762013740842,NaN,0.003434025225931466,0.003211260933518002,0.0029683264359713826,0.0028071806774700794,0.0024560287816713287,0.0032064379660319475,0.003870265528318636,0.004409650454364992,0.004566003430761015,0.005329068215321278,0.009131176889179984,0.010611354894300287,0.011163787095104563,0.011566037311860991,0.011893874259535649,0.011865404756540585,0.012190237482829849,0.01238324201384448,0.012656468425860589,0.013684599588610206,0.015260575394937857,0.016191711804398125,0.01709180419579258,0.017223503143903123,0.018893334570662872,0.020079770188015343,0.020608542174932024,0.02137304288152535,0.02261801159994745,0.023646958655309733,0.025119585859777808,0.026083011337546688,0.027418211008417077,0.027998212967517845,0.028994437468541127,0.030683093976425452,0.030743798399626366,0.031665925948558556,0.03249729311568356,0.03409691366293479,0.032722039636546865,0.02967144241555546,0.031186952013237523,0.04415586274631898,0.04586145375605173,0.03901967137183456
    Trade notes and accounts receivable,0.003821517710973174,0.004351936458068298,NaN,NaN,0.005701560906737783,NaN,0.006432805820913418,0.006202933561507425,NaN,0.006018210792312983,0.007078132692619508,0.006527774542696703,0.00623383525775851,0.00649622862771771,0.006798991985272658,0.006579022846244895,0.0061619676848057815,0.0059750508697499535,0.006296723645491986,0.006160483994082325,0.005524244547607783,0.005220370089738345,0.004627890008266187,0.0054100261709097075,0.006646780523483794,0.007981957904336052,0.008478786368866962,0.009134692947968951,0.01739087290676108,0.02117447986589357,0.022708713161915632,0.02366944132155789,0.02286085611392681,0.02306132269133128,0.02421575100542257,0.02504549091040828,0.025780023139503668,0.025942889875812603,0.031659718763581965,0.03432668882092621,0.03658774570737601,0.038768612222552595,0.039369238916647425,0.040722690726452695,0.04290831138790812,0.045817838970578846,0.04903376266191852,0.05206420633859606,0.05642238950498776,0.054897120027255504,0.05216293984549181,0.05149570133399819,0.05088076654137392,0.05065545758974577,0.050966235785601804,0.05256930556768694,0.05168735544904326,0.05215536376052365,0.05350332809813043,0.04965481192472148,0.038666044335598795,0.037753096672740814,0.03671798524339381,0.03726742372771287
    Inventories,0.0034278027198104493,0.003817016420161436,0.004290166112602253,0.004398730299608228,0.004944993332810416,0.004983693714753236,0.00546881066538774,0.005376071717477201,0.0055828115061299435,0.0056226219926412664,0.006358712283132619,0.006087762728698233,0.005954757264883891,0.00611709391686407,0.006772240447432818,0.007064934123629746,0.006801737072260497,0.0069607993329817465,0.007070822921800381,0.007072911665636871,0.00664760652722742,0.005714690791014056,0.005038894420121227,0.005789465483617537,0.0065446387737277375,0.007163943646902266,0.008249053060639382,0.009645737615104798,0.01943732213712472,0.02329967107411565,0.02458644688190188,0.024509043216128942,0.02375692194820862,0.023551135242143532,0.024316108675306286,0.025168629779521345,0.025439101991439773,0.02520345833990865,0.025823617624235913,0.025295365557971655,0.025919925944630624,0.02624044186335084,0.02492865383995678,0.0266391839114409,0.027025771159477848,0.028747741134708814,0.029624962564795975,0.030863788086250142,0.03013244692566678,0.028699460495974844,0.025069580283058505,0.02550536252611557,0.026137746789496128,0.02680595386850105,0.02755841502384708,0.027971492726828924,0.027707075843976987,0.02753284287994313,0.02754320204942846,0.027197144184430713,0.026157802221004643,0.02406911693932819,0.023837539885638515,0.024918684920835904
    Investments in government obligations ,0.0001664915825432183,0.00018833589610274678,NaN,NaN,0.0002649666640520825,NaN,0.00015303473444978978,0.00021601300198914697,NaN,NaN,0.0003664932218962967,NaN,NaN,NaN,0.0001388209146218261,NaN,0.0001714875150156923,NaN,0.00018350765145598143,0.0001693847462939047,0.0001352154447114241,9.864463286584186e-5,0.0001291433442852773,0.00024847022345010405,0.0003685035764623265,0.000408030190114803,0.0005106862697422597,0.0005718113533601288,0.0010143114156633641,0.000955297475115718,0.0006764028871344552,0.0008653884595106206,0.0009734960082843344,0.0008056210984510439,0.0007612402255342558,0.0008948417479549174,0.0008729572136466787,0.000829747153579495,0.002058257414236603,0.002918584916808979,0.002864889444399913,0.002713387888266378,0.0028423837468574964,0.0033182256045049606,0.00385519921092485,0.003974579764456591,0.00400929528099008,0.003831165865385485,0.004085656727253433,0.003704058033852991,0.0038078639917884065,0.003834371665677341,0.004097771615563652,0.004068071800304787,0.004030069814118303,0.003911454976102527,0.0035052532604639545,0.0032219045097416827,0.003125337304486791,0.0026704234150618624,0.0024201326166382125,0.0026395742353047895,0.0032937492742557686,0.0032214765108398843
    Tax-exempt securities (1989-2019),NaN,NaN,NaN,NaN,NaN,NaN,NaN,NaN,NaN,NaN,NaN,NaN,NaN,NaN,NaN,NaN,NaN,NaN,NaN,NaN,NaN,NaN,NaN,NaN,NaN,NaN,NaN,NaN,NaN,NaN,0.00028630631844270575,0.0003500270997983614,0.00043150736205753405,0.000506339329300509,0.0004925823339859,0.0005327849955730815,0.000463572821567829,0.00043902668633026976,0.000692790087428208,0.0008977804583276921,0.000962850938598127,0.0010105190230136674,0.0010910712971141652,0.0012332746643184422,0.0014657326658781735,0.0014780101751662165,0.0016052067470105713,0.0016425533399495337,0.001730256010890529,0.0017045477472978421,0.0018671111274730253,0.0019953693179420706,0.0021135448352574263,0.0022928453171748193,0.0023564342153691293,0.0023229906535262275,0.002356659318036237,0.002310231480464706,0.002182349704279531,0.001843919565138671,0.0016663688484047944,0.0021302397849179153,NaN,0.001987848601403191
    Other current assets,0.00021625253520532768,0.00027446522930333234,NaN,NaN,0.0005916087536277355,NaN,0.0011268953197474299,0.0011823929757786317,NaN,NaN,0.0015203274322803811,NaN,NaN,NaN,0.0021565755281413466,NaN,0.0017478236148765745,NaN,0.0020941048867676743,0.0019704966705633062,0.002164578681118838,0.0017910623534677932,0.001682470539042064,0.0023389367570740855,0.002688897584450135,0.002471612806873764,0.002828175937242379,0.0034206600924834335,0.005355633478641007,0.006593607524809804,0.0071932518904278585,0.0069184727050025955,0.006934186990886355,0.006791965188248994,0.006915266165968682,0.0070559173601623445,0.0071508062633994915,0.007647276728878865,0.00846905317507839,0.00919800201195721,0.009449882527277053,0.010085265153909607,0.010591151102979429,0.011027504531934353,0.011666552291503913,0.012207990606027766,0.014001942987746869,0.015123298379807786,0.015478087328733526,0.014394574438136253,0.013511028785817886,0.012737054181312463,0.012662791322312461,0.012303546887314299,0.012275456390005072,0.012538910360652557,0.013253699381235953,0.013406404804957087,0.013643520974957198,0.01339480859211689,0.01386610935886576,0.015144069544629612,0.016249247554702938,0.016613660405792232
    Loans to shareholders,5.685761060012959e-5,9.65813762256122e-5,NaN,NaN,0.00022058200643187701,NaN,0.00028378569532890827,0.0003197498444826374,NaN,NaN,0.0004906757467215008,NaN,NaN,NaN,0.0005179398278068383,NaN,0.0005591060380888169,NaN,0.000633600982983208,0.0005852094681108471,0.0005456152684109704,0.0006329354878562227,0.0006277369076354185,0.000755532122391694,0.0008679325862855589,0.000925433170539128,0.0010236389712879458,0.001109330642577972,0.001691831154748039,0.001999600873723703,0.0022311425168126658,0.0022767298592822846,0.0023394971102424127,0.0022818255894221256,0.0024890971995720967,0.002412807681815163,0.0025583778995880626,0.0026994837932586674,0.0028228636795206838,0.0029336201977817715,0.0029535541468888728,0.00307619916667252,0.003255089407611788,0.0033372653102156187,0.003572474283045795,0.00353640287018396,0.0037990397721577485,0.003957765010712903,0.004030767789480724,0.00431528744141279,0.004288701247203788,0.004250550353243421,0.004159335109090336,0.004030153002620283,0.004007598744671647,0.004003738157890403,0.004036401328689519,0.004028938394982205,0.004166601468827768,0.0041856919627685524,0.004092982436104171,0.004646815964664979,0.004601541665147565,0.004660004212689545
    Mortgage and real estate loans (1959-60 & 1966-2019),0.00013913628573728948,0.00015753288272840914,NaN,NaN,NaN,NaN,NaN,0.00014696943991620502,NaN,NaN,0.00026324985382487486,NaN,NaN,NaN,0.00035193240239768316,NaN,0.00037386462374117455,NaN,0.00039847470441814063,0.0005163584437652848,0.0004946712122140588,0.0005037782079419538,0.0004087412664820936,0.0005044534807668785,0.0007192071189129007,0.0008793264733395697,0.0011210690349042942,0.0012636094480101127,0.0014554263817359273,0.001589621227254099,0.001720264713076833,0.0016607283003730918,0.0016396106674608473,0.0016705679024993686,0.0017893311116810398,0.0015265955432210512,0.0014868403399116907,0.0016215478968359452,0.0028521231931907844,0.0027689994181720762,0.002838340546716433,0.0027161942617622246,0.0031088976310462866,0.004145303624046903,0.004392628868454015,0.0052918068925144526,0.005282299132377553,0.004672312199926706,0.004120459757853752,0.003844324544129119,0.004073033851825661,0.004300726275570602,0.004325769635016807,0.004927769338813841,0.004418571215394543,0.005009391907310131,0.004714346402154597,0.005310743421147441,0.00499740833491484,0.003818260785119814,0.013201328301945656,0.01611202762667775,0.014551204656396064,0.013428752043687923
    Other investments,0.0008361826037948525,0.0010669214686328085,NaN,NaN,0.0012330080790650248,NaN,0.001010010925663724,0.0008585111640566797,NaN,NaN,0.0011854787910948639,NaN,NaN,NaN,0.0012534075219450868,NaN,0.00127320191536135,NaN,0.0011819551682032985,0.0011145841616704208,0.001139982636384501,0.0014335942900080391,0.0014803920498677754,0.002054671212806789,0.0028585658708026717,0.0031488926749542365,0.0029909840540827694,0.0035215228039114943,0.00555905227677868,0.006816292487374051,0.007894602221363518,0.008542490672705539,0.008995120108721335,0.008763705255886706,0.009033618869503055,0.009395711487867279,0.010094222336362098,0.010732637138395777,0.01291755969535364,0.015261847833846804,0.01791225065859067,0.019323345675601643,0.019225827918520337,0.01921597590581043,0.020347610821851447,0.022111596474346486,0.023151224956567493,0.025173039892706663,0.026897250271309806,0.02710276433185361,0.027872314101046777,0.027798279696332726,0.02844394390877997,0.028361035119420057,0.029039359781828734,0.028906244430842148,0.028658532139266977,0.02995893190252994,0.029979215690393614,0.02875978098145883,0.02952521097742793,0.03218912705755775,0.03312536160766125,0.02977313926047801
    Depreciable assets,0.0058829281477761125,0.007076317060669418,NaN,0.009061055897947087,0.01029538159855675,NaN,0.011944614563869329,0.011868983076268665,0.013129613155976041,0.012654902827935122,0.014083240714808645,0.01465405295615497,0.014087095334163196,0.014503160791487831,0.015331200328895674,0.016098493893840646,0.015631209849344532,0.01594377798370033,0.016289455026500775,0.01581019468030051,0.01601287084659615,0.015829079619375866,0.015205787827470868,0.016897780930555127,0.01957799670779447,0.022232254057038155,0.02351082869956273,0.02675295127489529,0.043020321242210696,0.05357438205131045,0.06024683794256219,0.06296452760490104,0.06637736591747266,0.06731123454391168,0.069212811320862,0.07053221756506857,0.07372573745551064,0.07553366045998067,0.07870952994514052,0.07967779146373584,0.08255914410001192,0.08381465740938013,0.08722314088480465,0.09033932595414008,0.09143748744157222,0.09202669123095021,0.09325563084904692,0.09535511385947303,0.09715172519045576,0.10107534139452352,0.10521475166539843,0.10349135532256658,0.10234222004583156,0.10255207589284342,0.10305290579770973,0.10425255867485818,0.10582211256517415,0.10708219538160055,0.10714480268356752,0.10450992258326622,0.10319739231908365,0.10648301110053243,0.10074139704104988,0.09700656467219204
    Depletable assets,8.668772788093258e-5,0.00011293147633955404,NaN,NaN,0.00010737783355557298,NaN,0.00011068195810526627,0.00012979245501060961,NaN,NaN,9.337519592380223e-5,NaN,NaN,NaN,0.00014009987540129762,NaN,0.00011939849392012839,NaN,0.00012657830193301458,0.0001225447025619589,0.00010604479904146143,0.00012796944815520348,0.0001430508683861541,0.00013162672644715322,0.0002703103269696134,0.00031537049241717814,0.00025663525912432395,0.0003256334407728483,0.000388870729720517,0.000353427463478036,0.0004043643801913648,0.0005053064289576103,0.0006050324700895354,0.0005603593194022324,0.0007126644241159112,0.0006584261851818714,0.0006854032769924771,0.0006283965484480478,0.0007866142927492599,0.0009167314092296026,0.0008967886774319886,0.0008949084924014863,0.0009091088212744576,0.0008886431536773174,0.0010010410729327148,0.0009642460512215733,0.0009215842049169132,0.0013239346468404555,0.001014209738854466,0.0011188399052069681,0.001228266176693339,0.0012108762785176476,0.001190406283902826,0.001201892645304501,0.0011948338820176884,0.0012247027482406147,0.0011681275105535555,0.0010506425102844135,0.0010782320528416587,0.0011631310430084143,0.0015019046441171586,0.0015414705425393005,NaN,0.0015383357051461212
    Land,0.0006315584659563619,0.0009405400621702048,NaN,NaN,0.00142006745627108,NaN,0.001812713107697945,0.0018683388778653921,NaN,NaN,0.0022951686050225284,NaN,NaN,NaN,0.002734562669779763,NaN,0.0027349243636432697,NaN,0.002689558589430625,0.0023959994880079468,0.0023041125734727954,0.0021358012982154173,0.002017747824240476,0.0021450979711937564,0.0023676287919939198,0.00285903007544309,0.003217537812466942,0.0036851929773381305,0.004580674182296768,0.006057696663266136,0.006642038932355829,0.0067298321154075766,0.006818330210360972,0.006727675927909751,0.006650237754023841,0.00668379245574042,0.006690714969824271,0.006758011708481552,0.006877291096573941,0.006799896654649432,0.006866168520300541,0.006915875910842232,0.0071160924440146975,0.007348040389023514,0.0073010768606330935,0.0076233558829702005,0.007750260924810017,0.008041549531424046,0.008415519708546804,0.008539393936111252,0.008933002244015033,0.008567917367905088,0.00816625093302885,0.008073211344674562,0.007676934161964892,0.007667239432130757,0.007544756198394766,0.007729989817022817,0.007714923418203719,0.007504801874623969,0.007369563029347007,0.0075746760475335975,0.006993655219910776,0.006609374715741327
    Intangible assets (amortizable),4.8419067044439416e-5,3.722837409796048e-5,NaN,NaN,5.459879206212252e-5,NaN,8.558526396053289e-5,7.590599620857276e-5,NaN,NaN,0.0001261626450081809,NaN,NaN,NaN,0.00021127758570370204,NaN,0.0002929122371363591,NaN,0.0003840258503832693,0.0004395587853201162,0.0003153471600288201,0.000392592045586981,0.00047205882307086187,0.0005302954223487188,0.000601984073914472,0.0008068071407537077,0.0009043028325327225,0.0012540130416620902,0.0019912032731815173,0.0025917260931954127,0.0032008761729870002,0.0036376490321213106,0.003698272478540154,0.0037319421249885167,0.0036964954300167134,0.003887172722277692,0.0037565778666288643,0.003937006030628547,0.004225387033503265,0.004586684029921381,0.0050194620135534905,0.005382282835779545,0.0060045301759253916,0.006252913412512714,0.006686182456170978,0.006968708449958567,0.007293869860237559,0.0077511365246041375,0.008356731219101979,0.00904952395628341,0.009405347412745086,0.009656547480887564,0.009805777304379332,0.009760845504206049,0.009565578241117376,0.010000075476464348,0.010138130384013266,0.010366511719570306,0.010458123764602081,0.010353345017136481,0.010344346852286135,0.010730353720262204,0.010458022953643622,0.010556161799211457
    Other assets,0.0005798191904979162,0.0007605912438097134,NaN,NaN,0.0009236347948858734,NaN,0.0007843373672518386,0.0008482556238274729,NaN,NaN,0.0012278523803206517,NaN,NaN,NaN,0.0012948969254428305,NaN,0.0011153359479234425,NaN,0.001047813794236406,0.0012372947088342867,0.0010818487797321465,0.0010650444631955893,0.001239857239118552,0.0012608397240376113,0.0014963286019573818,0.001833563295937476,0.0019371949023030534,0.002271710974093764,0.0034485366765426456,0.004123859195888503,0.0044082553114553015,0.0038976984288824823,0.003680053308399353,0.003659111881965429,0.003271552085503675,0.003249193246932033,0.0031777295301193796,0.0030878295905846587,0.0030962251234384823,0.003267590088159123,0.0034659187895304954,0.0035165649980606678,0.003542692168885276,0.003512135665600523,0.004138343815056148,0.004032306349181923,0.004465532348349365,0.004821027675777418,0.0054490555903914184,0.005978103316063481,0.0064238701202308296,0.0063960363801618065,0.006368310429948412,0.004931493598179399,0.004614082972827581,0.005447802317314869,0.005497618778094737,0.005757384998271462,0.005997060692423484,0.005416263420220525,0.0058658840104880315,0.006024215588089812,0.006403587510476533,0.011355259264251622
    Less:  Allowance for bad debts,6.683548865723258e-5,8.279957668211704e-5,NaN,NaN,9.768452427641384e-5,NaN,8.613895665973765e-5,0.00010486787785801572,NaN,NaN,0.0001040501564933693,NaN,NaN,NaN,0.00010847944682666188,NaN,0.00010126749061074103,NaN,8.672963062234788e-5,9.373706996813658e-5,7.655367629455421e-5,6.889179216654003e-5,8.080906979361973e-5,8.798192708929899e-5,0.00010376501291400916,0.00012398266005186727,0.0001474994462983112,0.00016428048460672922,0.0002824814143142992,0.00030999985104378203,0.0003104993636534446,0.00042196515797706714,0.00038259623986441335,0.0003963256750773389,0.00037532607068044467,0.0003604425601146992,0.0003745586406045539,0.0003948517066879455,0.0004390092884310116,0.00044214023079137537,0.00048209075697121804,0.0005285430075177408,0.0005960700549020883,0.0006683028477712912,0.0006739076240894868,0.0006867485796249811,0.0006967524150451903,0.0007360543525380001,0.0007761991865818336,0.0008533578038846944,0.0009382259385869675,0.0009351310465014518,0.000945933045516423,0.000911796256545324,0.0008557266906795181,0.0008196560022416908,0.0008249713760887595,0.0008541643877852559,0.0008549457370760156,0.0007301466036189259,0.0008176088076582422,0.0008409955873796466,0.0007996465006536176,0.0014526719912258152
    Less:  Accumulated depreciation,0.002748018801734483,0.0032034507044850307,NaN,0.004208387838164531,0.0047356231861322455,NaN,0.005689677470634753,0.005449357891553379,0.006056414317426761,0.005901846699785574,0.006577289053325669,0.006898911118295579,0.006679476327424132,0.006698086951083175,0.006716733689917607,0.007151261646226516,0.007045607939680836,0.007183460445433252,0.007161237778757687,0.00670377687692502,0.006585314080856899,0.006884263749047617,0.0067775295046118835,0.007903475368810652,0.009333536963565049,0.010337355264112731,0.011110599521223771,0.01279727384149509,0.021962814829003453,0.02677273864409356,0.02997150018257297,0.031336997731398065,0.03391039063975438,0.03503108877821619,0.03642084525335424,0.037453028967361565,0.03904804948434824,0.04017008463392477,0.041563491425059274,0.042150793070189985,0.043853748536522866,0.04445582254214048,0.04726435029000856,0.05040876062346534,0.052262877156536276,0.053274786047469484,0.053549035956738746,0.053895933019981856,0.054860814891129255,0.05842765274313328,0.06287709719812734,0.0634760835807312,0.06406176086871236,0.0645292145857289,0.06493491720684524,0.06565187153803542,0.06662681924517269,0.06761415609846214,0.06810727911776106,0.06660638860880509,0.06635142944873398,0.0691796830647513,0.06570584588954273,0.06292214772400773
    Less:  Accumulated depletion,2.2743044240051833e-5,3.105191543967167e-5,NaN,NaN,3.6583261432269196e-5,NaN,3.06174549265852e-5,6.408790603554894e-5,NaN,NaN,2.264019300029972e-5,NaN,NaN,NaN,2.014836786924994e-5,NaN,2.482930778252055e-5,NaN,2.9767617466589426e-5,2.9341312017907814e-5,1.2994546180480358e-5,3.2530281135348774e-5,3.983017367099454e-5,3.144606313376831e-5,7.277304199901047e-5,8.545395509673661e-5,9.182528885251577e-5,0.0001307635920885329,0.00014728740127883111,0.00012466050395325984,0.00013355531606393952,0.0001510986486323322,0.0002493828888612109,0.00020212467871626684,0.00028746621557093843,0.00028790847448881854,0.00029895222997509475,0.0002695060225771393,0.0003072636575097417,0.0003459470714238189,0.000324100535220428,0.0003243649955633389,0.00031595666536791164,0.00030212182000580466,0.000346994487821271,0.00030203935502057916,0.00032680517059447756,0.0004605377854846951,0.0003603533121075611,0.0003958152757283717,0.0004448411517918794,0.0004522505226437077,0.0004480624410727056,0.00046246756946149157,0.0004500438755943702,0.0004970009321826078,0.0005783513534476242,0.0005454156049538757,0.0005502848700256607,0.0005362140450015869,0.0008172465975134055,0.0008614804174972016,0.0008109492492195681,0.0007919508229905076
    Less:  Accumulated amortization,1.0073727029793695e-5,1.2723504836074943e-5,NaN,NaN,2.4020707506471097e-5,NaN,3.376312999384337e-5,3.527355073800057e-5,NaN,NaN,5.126889835546842e-5,NaN,NaN,NaN,6.623445322497363e-5,NaN,0.00012506528561864651,NaN,0.00017418074325135723,0.0001946998616685923,0.00011734599306597222,0.00017429278687939377,0.00020293784831562802,0.0002005323900521235,0.00023574547101598827,0.00026533647479339896,0.00032236731267885834,0.0003910478813686081,0.0006815865002888647,0.0009056096911679275,0.0011034295356974464,0.0013653032695504252,0.0014807809320006124,0.001724599395091688,0.0017709635507983529,0.0018278208637678263,0.0016198149965398077,0.001611821919698476,0.0015121876264929668,0.0015029627101595454,0.0016224183308116602,0.0016856651948033705,0.0019756750399667206,0.0021547108876589015,0.0022627942338158853,0.002359595360506617,0.002335862093348233,0.002499134853737262,0.0027339546537473365,0.0028447564371285256,0.003222105340443583,0.003437303919317806,0.0036423542404446434,0.0036731623105001423,0.0035980714168970533,0.0038682565981706866,0.0040168080175265195,0.0041829292696009815,0.0042489396598080105,0.004195016042395533,0.004337105759884108,0.004671902699197265,0.004483879574190712,0.004319808499177919
    Addendum(A.1): Investments in Government Obligations  (1959-60 & 1969-81) = sum(l.23:l.25) ],0.0001664915825432183,0.00018833589610274678,NaN,NaN,NaN,NaN,NaN,NaN,NaN,NaN,0.0003664932218962967,NaN,NaN,NaN,0.0001388209146218261,NaN,0.0001714875150156923,NaN,0.00018350765145598143,0.0001693847462939047,0.0001352154447114241,9.864463286584186e-5,0.0001291433442852773,NaN,NaN,NaN,NaN,NaN,NaN,NaN,NaN,NaN,NaN,NaN,NaN,NaN,NaN,NaN,NaN,NaN,NaN,NaN,NaN,NaN,NaN,NaN,NaN,NaN,NaN,NaN,NaN,NaN,NaN,NaN,NaN,NaN,NaN,NaN,NaN,NaN,NaN,NaN,NaN,NaN
"    Addendum (A.1.1): Investments in GO(State, Territory, possession) (1959-60 & 1969-81)",3.516123714186031e-5,3.271126254189851e-5,NaN,NaN,NaN,NaN,NaN,NaN,NaN,NaN,3.939112532735858e-5,NaN,NaN,NaN,5.0721353523561504e-5,NaN,7.29240360281654e-5,NaN,6.48382717864029e-5,4.15959523711313e-5,3.58104587427631e-5,2.774150625046591e-5,2.9333270139047177e-5,NaN,NaN,NaN,NaN,NaN,NaN,NaN,NaN,NaN,NaN,NaN,NaN,NaN,NaN,NaN,NaN,NaN,NaN,NaN,NaN,NaN,NaN,NaN,NaN,NaN,NaN,NaN,NaN,NaN,NaN,NaN,NaN,NaN,NaN,NaN,NaN,NaN,NaN,NaN,NaN,NaN
    Addendum (A.1.2):  Investments in GO(US) (1959-60 & 1969-81),0.00010067209299650727,0.00012549089018440876,NaN,NaN,NaN,NaN,NaN,NaN,NaN,NaN,0.00032710209656893814,NaN,NaN,NaN,8.80995610982646e-5,NaN,9.856347898752689e-5,NaN,0.00011866937966957853,0.0001277887939227734,9.940498596866099e-5,7.090312661537595e-5,9.981007414623013e-5,NaN,NaN,NaN,NaN,NaN,NaN,NaN,NaN,NaN,NaN,NaN,NaN,NaN,NaN,NaN,NaN,NaN,NaN,NaN,NaN,NaN,NaN,NaN,NaN,NaN,NaN,NaN,NaN,NaN,NaN,NaN,NaN,NaN,NaN,NaN,NaN,NaN,NaN,NaN,NaN,NaN
    Addendum (A.1.3):  Investments in GO(Not Stated) (1959-60 & 1969-81),3.0658252404850727e-5,3.0133743376439484e-5,NaN,NaN,NaN,NaN,NaN,NaN,NaN,NaN,NaN,NaN,NaN,NaN,NaN,NaN,NaN,NaN,NaN,NaN,NaN,NaN,NaN,NaN,NaN,NaN,NaN,NaN,NaN,NaN,NaN,NaN,NaN,NaN,NaN,NaN,NaN,NaN,NaN,NaN,NaN,NaN,NaN,NaN,NaN,NaN,NaN,NaN,NaN,NaN,NaN,NaN,NaN,NaN,NaN,NaN,NaN,NaN,NaN,NaN,NaN,NaN,NaN,NaN
Total liabilities  [ =sum(l.27:l.33) ],0.01463309588347832,0.01721081267446191,NaN,0.02099533549034478,0.023270334928229663,0.024658802559682086,0.025919078687680945,0.026249104392105375,0.028180524885488726,0.028096262056809592,0.03142295760184353,0.031116491801476374,0.029828010473451516,0.03169627318995239,0.03433122628695867,0.034893751338786194,0.032956961346165714,0.0331998727455573,0.03437873097943824,0.03378472817857126,0.03264825661611984,0.030592765145642385,0.028428693615080068,0.03305019844254527,0.03913321957557956,0.044623744276630774,0.04792260460352539,0.05480256880958313,0.0913910623937354,0.11162800800849738,0.1218443058504887,0.12481800741353889,0.12498097409131897,0.12393407201816718,0.1268923929939219,0.12949762296706185,0.13319715804799345,0.1362993072568456,0.1524296546380599,0.1605994514729802,0.1691063678439135,0.17468736230547172,0.17794916078155504,0.1845263567712937,0.19086038100807842,0.19953114830931745,0.20990416840853007,0.22067618999502228,0.22967281957973856,0.22798476891659517,0.22379375216318587,0.22093759207855473,0.22059096162677666,0.22107080528633927,0.22166151517684443,0.22665504825098487,0.22654041168254593,0.2308123338831719,0.23049469653992213,0.21807598246480675,0.21673863130433443,0.2356395957554897,0.23475583964102978,0.22846977821279563
    Accounts payable,0.0025378105027470317,0.0029544638280768905,NaN,NaN,0.00397351164797239,NaN,0.004241368254143602,0.004324109248181123,NaN,NaN,0.005325620200173936,NaN,NaN,NaN,0.005422410648137754,NaN,0.005063188169771097,NaN,0.005429972053380062,0.005334929552189808,0.0051288161797533845,0.00483337912236942,0.00419976233543631,0.004764870630293957,0.0054693024673930215,0.0061265844448192535,0.006429603830762951,0.00692419258232814,0.011965572894300253,0.01444327632638828,0.015561085546956704,0.016220996004792102,0.016030919131443982,0.01597757106353715,0.016635954432993868,0.01731602544503842,0.01743700113707924,0.017713025270768856,0.019509649139987727,0.01983879747323597,0.020727340971586843,0.021012271250514098,0.0202077126013603,0.02074475602217491,0.022402266670740065,0.024162325626927817,0.025842099095519457,0.027126060478229547,0.02820471385416894,0.027692202608257274,0.026399784170082926,0.028054928938330732,0.02854212572369833,0.028443355684795776,0.02543586808661711,0.026271219705343064,0.025752491702796265,0.02553002202137282,0.024983473622562234,0.020376288770090754,0.019991598971624024,0.020032939450012378,0.020209230181097288,0.019203758075249166
"    Mortgages, notes, bonds payable in less than 1 year",0.0020982145253367174,0.0026498943549011582,NaN,NaN,0.0028433963448113576,NaN,0.0034673072078395344,0.003623056647660355,NaN,NaN,0.00434642276302924,NaN,NaN,NaN,0.005394074265316661,NaN,0.005244622839046023,NaN,0.005645247489463576,0.005404941913991289,0.005400881806759935,0.004810496736962462,0.004426527443833739,0.004901503354428165,0.005590600868785632,0.006626758681428854,0.0070755825275946255,0.007942281812661326,0.014260782684185973,0.01714933109109666,0.019587552246002008,0.01905910170876303,0.01867003792872803,0.017621147528337152,0.017608674650170686,0.017946323407118967,0.01890070275869011,0.019080904388661536,0.019971451062027953,0.02018764838791294,0.020389395600037045,0.02106784843007752,0.020932520431766268,0.02194005558367618,0.023040017806563114,0.02384127740931716,0.02383706581011085,0.024688007085911613,0.024104645235656093,0.02277158974132595,0.019278370931699654,0.017786252163021644,0.017331265755078356,0.01829276933573767,0.018067294848200157,0.018904023525940106,0.018577744466950267,0.018853028673942816,0.018604698568261576,0.017945090256265867,0.017706880117170015,0.016100071479762067,0.012417714291855923,0.013458691692765052
    Other current liabilities,0.0005157518201719914,0.0006337304704064663,NaN,NaN,0.001056147148795984,NaN,0.0012469348191876748,0.0012305492651958289,0.0013265120779013884,0.0016081437217416448,0.0016420522496228929,0.0017675409460329466,0.001697280336524016,0.0017921461015862593,0.0021501933524908515,0.0022471578903771124,0.002109012739004715,0.002218440471183061,0.00244545989914623,0.0027104157639121296,0.0024100991385560947,0.0023549044607387307,0.002287604679827916,0.0034341269739209023,0.003696038951711567,0.0036705087882370102,0.0038768574358161215,0.004478885744288131,0.00818966987043828,0.009300317696877152,0.009283575168658426,0.009403535785820366,0.009585307485439166,0.00977218979968336,0.01037908400292248,0.010686739800934127,0.011018131485733367,0.011286533512066335,0.017872708203925784,0.022115815093695482,0.023959815170988535,0.026014800283915094,0.027739080369940113,0.03136322232335887,0.03259754278157719,0.033599030170261654,0.03593834160186398,0.038322913481103185,0.041333540621302914,0.04101879496233614,0.04096328170051983,0.03991767463702336,0.040463264304797034,0.04135009102391601,0.04465905994443471,0.04479002038716416,0.043725136661514265,0.04593298490665711,0.04504920895271705,0.04191544285590077,0.03946268334857476,0.04586920971939503,0.045722103445449004,0.04355159182170191
    Loans from shareholders (1963-2019),NaN,NaN,NaN,NaN,0.001595411404816064,NaN,0.0016598171332190023,0.0017471668793504907,NaN,NaN,0.0020775008230028056,NaN,NaN,NaN,0.0030164553072312148,NaN,0.0035842914492457733,NaN,0.004017002381563109,0.003946715405134974,0.0041859060119139825,0.004666779243532459,0.004853725599392088,0.005404744139059014,0.006250205143699653,0.006667368566526807,0.006651773378022802,0.0077112708425635165,0.009205456195039766,0.01083376677046496,0.012441899609683811,0.013441624082866354,0.014316852082832301,0.014093610795900267,0.01458965009996998,0.014805725106199388,0.015312203974240515,0.015025122127474352,0.014895393580825858,0.014830599470341285,0.014642691772091704,0.014717339228590672,0.01496144474225824,0.01575271266419913,0.01667882808374322,0.01651500434305875,0.016642286177592072,0.016658428746727516,0.01637656571390198,0.016488391360731738,0.017528677136250302,0.017390174185331342,0.016888572765224426,0.01637102910858086,0.016120928400823593,0.015192200504107816,0.014845487834694242,0.014713002607350537,0.014724825824381293,0.014050838147149306,0.013308006060543597,0.01271423758125098,0.011693228614016605,0.010774581615371466
"    Mortgages, notes, bonds payable in 1 year or more",0.0019002557250591388,0.0026845562721476745,NaN,NaN,0.003618390461997019,NaN,0.0038675839194707183,0.004201406663765315,0.004320052467617642,0.004204364849450009,0.0048910304977815774,0.004984769445347679,0.0052024973172511485,0.00588988202734714,0.0068511157757672365,0.0070688979014951045,0.00676662112500178,0.006809394303015034,0.007238511768034408,0.007549299008887144,0.007776060362352241,0.007663869160716717,0.00747439243838791,0.007840336516448856,0.009240304861974476,0.011307028930211984,0.012535809000227934,0.014246500209296338,0.019412831769550883,0.025311850536567034,0.02865545290503724,0.029915025530156576,0.029481425770717048,0.027736532538935547,0.027671620962945714,0.02779227611127182,0.028857288636053358,0.029366163920228134,0.031782903910113285,0.03291687783169405,0.03488128485297532,0.03620038382776546,0.037346437969863526,0.03739261877547555,0.037745221774633506,0.039227330723023514,0.04191189465118136,0.043406334933531215,0.04635270723937746,0.046982596926091795,0.04512978721537896,0.04124615829215167,0.039432499224986685,0.03855292608513489,0.038109232013894226,0.0384289593823038,0.03958106843179556,0.03950259333824092,0.0393150188082848,0.037991514009429274,0.037171401814541906,0.04160862437317198,0.03809569227728055,0.03910368912009213
    Other liabilities,0.000651378116529347,0.0007750736565741488,NaN,NaN,0.0007593944623107695,NaN,0.0008199003353141431,0.0009059236747830748,NaN,NaN,0.0010755659065560157,NaN,NaN,NaN,0.0014100160238421301,NaN,0.001124499081253294,NaN,0.0012586320854864911,0.0011320875710527179,0.0011206561939426788,0.001086752666059335,0.001100581813578311,0.001189088187083575,0.0016945810693228854,0.0018932785286752346,0.0021044851795779607,0.0025545204406206526,0.0037016640869662826,0.004142525319692509,0.004401890250603555,0.004253775692822444,0.004113592781184026,0.00401954227142289,0.0037131789636861037,0.0036399175215404028,0.003451546772020913,0.0035624581171943147,0.004124807404257066,0.004246708391000282,0.0044996037865381285,0.004833557507634413,0.0051076675150627075,0.00508097943583319,0.005681144508115516,0.006671051197017712,0.007025664693922486,0.008011164639233827,0.008151851760245866,0.010902856235217364,0.011387204175806066,0.011172879129077995,0.01121859580664591,0.009229526078859504,0.009078176279952653,0.008734782576102027,0.008505753505913276,0.008525038164228678,0.008568973993710618,0.007621073563421828,0.00843573179401914,0.0098775658668534,0.009869918436358632,0.011573270400398178
"Net worth, total   [ = sum(l.34:l.42) - l.43 ]",0.0069296851936340945,0.0075130940923555725,NaN,NaN,0.009424083457526081,NaN,0.010616167018506269,0.010216892013169186,0.011348609643017865,0.011123459178802765,0.012064765161677059,0.010835626099992265,0.010061438811864188,0.01038935353487972,0.010086960914172821,0.009698152976586855,0.009064725942843034,0.008625968019848277,0.008343905302364367,0.007706339813888337,0.0066258369228415276,0.005176584105243154,0.00408610491727421,0.005515529239434666,0.007192186487868316,0.008332215841389455,0.009248493712460927,0.010944917396183229,0.024655085099218058,0.030446940649349805,0.031912850478057565,0.032523948608318025,0.03278283891097442,0.034713477866984276,0.03629423017283951,0.037310615712184976,0.03822028328417596,0.04026509979658427,0.04427274133692224,0.04646300504578212,0.05000623579352544,0.050841161874526385,0.05165429715130389,0.05225201196657586,0.05271535955727996,0.055515128757859,0.05870681630164802,0.06246328063028538,0.06514879508599698,0.06212833701492945,0.06310664683344813,0.06536952466716828,0.06671463804634592,0.06883110790779114,0.07019095560292199,0.07433384211323196,0.07555272913354176,0.07775566417137904,0.07924849677000456,0.07817573486254895,0.08066232919786098,0.08943694723826087,0.09674795243712025,0.09080419544883682
    Capital stock,0.0036552005735602526,0.00430170617756489,NaN,NaN,0.005528212408816378,NaN,0.005760822267337924,0.005440723911808747,NaN,NaN,0.005796724694506272,NaN,NaN,NaN,0.004698425538243944,NaN,0.004380720207204683,NaN,0.004162732620305443,0.003929133751119983,0.003867572934226457,0.003372672239979813,0.0029539245054865217,0.003110879603946302,0.003404265172791259,0.003415661183971817,0.00325140038704958,0.0036382922554240725,0.00475920036496839,0.0053839684533646725,0.0055899767441036025,0.005885273271951843,0.006166361081425868,0.006482573343330787,0.006449710646215918,0.0064579879120149255,0.006428382267532611,0.006369087572317128,0.006131106987168367,0.006233753920000812,0.006315693354868961,0.006319355607167022,0.006225331506193247,0.0062040251592353195,0.006078012822471185,0.005945421600832139,0.005844537512547743,0.005728979153467501,0.00590242761133789,0.005933584078172159,0.006050408317629694,0.005972683647273956,0.005809835066397294,0.005813764329576097,0.005667095993686986,0.005493572517434836,0.005442428510186297,0.005505088696767701,0.005402097745565468,0.005202133796425303,0.004905887897213656,0.004968852058599838,0.0046040967484761745,0.004266201947954401
    Additional paid-in capital,0.0003506136251231659,0.0005244772134768484,NaN,NaN,0.0007304290532590791,NaN,0.0009710126379348206,0.0009634614107945032,NaN,NaN,0.0012794308260000097,NaN,NaN,NaN,0.0014041937004692095,NaN,0.0015389327819270416,NaN,0.0017363415578439312,0.0016342760819340373,0.001724254595820172,0.0017017768829180764,0.0017887956530646162,0.0020795519693377782,0.0025898903643825407,0.003217415091540472,0.0037304008615851795,0.004712531424475029,0.005869879500701823,0.007266842460466447,0.00854731794993601,0.00962022013890659,0.011141681832257817,0.01220698624470828,0.012778242339243564,0.0124067915462049,0.012997673876458506,0.013376350437909895,0.014643842205794847,0.015304300417850211,0.01724461270134102,0.01720556812674569,0.017779101144980276,0.018708415544983176,0.019659671538740184,0.01954967154492733,0.020489276141774683,0.020198468063200806,0.021997494235962013,0.022576123730878462,0.02402279247637133,0.024687595118629706,0.02384431867162846,0.02530141953012095,0.027832137301553497,0.025908020484619102,0.026833671995639907,0.029486500682029213,0.02680546327976471,0.02655328633347463,0.026519669004365927,0.027129954268203537,0.026171957811895102,0.02617041699408788
"    Retained Earnings, appropriated (aka Surplus Reserves) (1959-1985)",9.847523454243617e-5,0.00013079526975452724,NaN,NaN,0.0001049933328104165,NaN,8.666974722783175e-5,0.00010694062310213496,NaN,NaN,0.00020665575880858674,NaN,NaN,NaN,0.00014067726691062568,NaN,0.00013453822888425692,NaN,0.00015202807535307945,0.0001672708654834434,0.00014288748323870634,0.00012227912506426506,0.00013007566788201337,0.00019733392268471485,0.00015052126587559073,0.00030698162503439534,0.00027141546432928114,NaN,NaN,NaN,NaN,NaN,NaN,NaN,NaN,NaN,NaN,NaN,NaN,NaN,NaN,NaN,NaN,NaN,NaN,NaN,NaN,NaN,NaN,NaN,NaN,NaN,NaN,NaN,NaN,NaN,NaN,NaN,NaN,NaN,NaN,NaN,NaN,NaN
"    Retained earnings, unappropriated (1959-1985)",0.00282539576040824,0.002556115431559307,NaN,NaN,0.003060448662640207,NaN,0.003797662366005693,0.0038768929475027475,NaN,NaN,0.0050995189732855745,NaN,NaN,NaN,0.0025137065588307925,NaN,0.002256334485525585,NaN,0.0017412886571692352,0.001527116655518224,0.0012088616098530334,0.000671425926580518,0.0005574403320693437,0.002248705286128999,0.0032776154239443837,0.004295088954785909,0.005063351770082316,NaN,NaN,NaN,NaN,NaN,NaN,NaN,NaN,NaN,NaN,NaN,NaN,NaN,NaN,NaN,NaN,NaN,NaN,NaN,NaN,NaN,NaN,NaN,NaN,NaN,NaN,NaN,NaN,NaN,NaN,NaN,NaN,NaN,NaN,NaN,NaN,NaN
"    Retained earnings, unappropriated (1986-2019)",NaN,NaN,NaN,NaN,NaN,NaN,NaN,NaN,NaN,NaN,NaN,NaN,NaN,NaN,NaN,NaN,NaN,NaN,NaN,NaN,NaN,NaN,NaN,NaN,NaN,NaN,NaN,0.003403023081990667,0.015627212595116798,0.019634753242566798,0.019784037450501456,0.019102039964153137,0.017619861324762766,0.018106978990470878,0.01912349445415575,0.02050404899745253,0.02097156019130995,0.022686398768654803,0.025654962278281727,0.027064747307597628,0.02872608037734141,0.029349184446478726,0.030475527004575443,0.030205947365512353,0.029801563486071166,0.03303530302697935,0.03540325773128514,0.03975807484924813,0.04052140611575277,0.03731705949588426,0.03698335896635925,0.038843673497676354,0.04121727193774868,0.04195729351044698,0.04102186694697128,0.04762487237435327,0.04797807425070179,0.0475645424150593,0.0518955124239105,0.051128254590464335,0.0539463831492524,0.06224123855962408,0.07087996381131051,0.06488213523332183
"    Shareholders undistributed taxable income, previously taxed (1973-85)",NaN,NaN,NaN,NaN,NaN,NaN,NaN,NaN,NaN,NaN,NaN,NaN,NaN,NaN,0.001704166479581528,0.0015754933042893577,0.001131936893734005,0.0009008974000380055,0.0009714678364089986,0.0008350313977850815,0.00012908108717090677,-0.0002691324383414173,-0.0009454038785285253,-0.0015755736979815413,-0.001795842806266748,-0.0018808107661630771,-0.0012704387368549146,NaN,NaN,NaN,NaN,NaN,NaN,NaN,NaN,NaN,NaN,NaN,NaN,NaN,NaN,NaN,NaN,NaN,NaN,NaN,NaN,NaN,NaN,NaN,NaN,NaN,NaN,NaN,NaN,NaN,NaN,NaN,NaN,NaN,NaN,NaN,NaN,NaN
    Accumulated Adjustments Account (1983-85),NaN,NaN,NaN,NaN,NaN,NaN,NaN,NaN,NaN,NaN,NaN,NaN,NaN,NaN,NaN,NaN,NaN,NaN,NaN,NaN,NaN,NaN,NaN,NaN,9.382923348627614e-5,-0.0005233064684505424,-0.0011726461455563624,NaN,NaN,NaN,NaN,NaN,NaN,NaN,NaN,NaN,NaN,NaN,NaN,NaN,NaN,NaN,NaN,NaN,NaN,NaN,NaN,NaN,NaN,NaN,NaN,NaN,NaN,NaN,NaN,NaN,NaN,NaN,NaN,NaN,NaN,NaN,NaN,NaN
    Other Adjustments Account (1983-85),NaN,NaN,NaN,NaN,NaN,NaN,NaN,NaN,NaN,NaN,NaN,NaN,NaN,NaN,NaN,NaN,NaN,NaN,NaN,NaN,NaN,NaN,NaN,NaN,9.403286371799084e-5,0.00019564554601939315,0.0001088048593920367,NaN,NaN,NaN,NaN,NaN,NaN,NaN,NaN,NaN,NaN,NaN,NaN,NaN,NaN,NaN,NaN,NaN,NaN,NaN,NaN,NaN,NaN,NaN,NaN,NaN,NaN,NaN,NaN,NaN,NaN,NaN,NaN,NaN,NaN,NaN,NaN,NaN
    Adjustments to shareholders' equity (1998-2000),NaN,NaN,NaN,NaN,NaN,NaN,NaN,NaN,NaN,NaN,NaN,NaN,NaN,NaN,NaN,NaN,NaN,NaN,NaN,NaN,NaN,NaN,NaN,NaN,NaN,NaN,NaN,NaN,NaN,NaN,NaN,NaN,NaN,NaN,NaN,NaN,NaN,NaN,NaN,0.00021665780076989306,0.000219233443240345,0.0006737226942434225,NaN,NaN,NaN,NaN,NaN,NaN,NaN,NaN,NaN,NaN,NaN,NaN,NaN,NaN,NaN,NaN,NaN,NaN,NaN,NaN,NaN,NaN
    Less:  Cost of treasury stock (1966-2019),NaN,NaN,NaN,NaN,NaN,NaN,NaN,0.00017112688003894695,NaN,NaN,0.00031756509092338456,NaN,NaN,NaN,0.0003742086298632782,NaN,0.0003777366544325374,NaN,0.00041995344471632115,0.00038648893795243153,0.0004468207874677477,0.0004224376309581015,0.0003987273626997597,0.0005453678446815873,0.0006221250300629768,0.0006944593253489129,0.0007337947475661901,0.0008089293657065384,0.0016012073615689522,0.0018386235070481118,0.002008481666483503,0.0020835847666935427,0.0021450653274720293,0.002083060711525664,0.002057217266775718,0.00205821274348738,0.002177333051125109,0.0021667369822975548,0.0021571701343227065,0.0023564544004364206,0.002499384083266294,0.0027066690001084776,0.002825662504445078,0.0028663761031549875,0.002823888290002575,0.0030152674148798135,0.0030302550839595415,0.0032222414356310554,0.0032725328770556884,0.0036984302900054176,0.0039499129269121355,0.004134427596411742,0.004156787629428505,0.0042413694623528895,0.004330144639289773,0.004692623263175243,0.004701445677645921,0.004800467622477169,0.004854576679236116,0.004707939809404451,0.004709610852971001,0.00490309760138358,0.004908065892413041,0.004514558726527286
"    Addendum (L.1): Retained earnings, all  (1959-2019) [  =sum(l.36:l.42) ]",0.002923870994950676,0.002686910701313834,NaN,NaN,0.0031654419954506236,NaN,0.003884332113233525,0.003983833570604883,NaN,NaN,0.005306174732094162,NaN,NaN,NaN,0.004358550305322947,NaN,0.003522809608143847,NaN,0.002864784568931313,0.002529418918786749,0.0014808301802626466,0.0005245726133033657,-0.00025788787857716815,0.0008704655108321727,0.0018201559807574934,0.0023935988912260784,0.0030004872113923576,0.003403023081990667,0.015627212595116798,0.019634753242566798,0.019784037450501456,0.019102039964153137,0.017619861324762766,0.018106978990470878,0.01912349445415575,0.02050404899745253,0.02097156019130995,0.022686398768654803,0.025654962278281727,0.02728140510836752,0.028945313820581752,0.03002290714072215,0.030475527004575443,0.030205947365512353,0.029801563486071166,0.03303530302697935,0.03540325773128514,0.03975807484924813,0.04052140611575277,0.03731705949588426,0.03698335896635925,0.038843673497676354,0.04121727193774868,0.04195729351044698,0.04102186694697128,0.04762487237435327,0.04797807425070179,0.0475645424150593,0.0518955124239105,0.051128254590464335,0.0539463831492524,0.06224123855962408,0.07087996381131051,0.06488213523332183
"    Addendum (L.2): Retained Earnings, Unappropriated (1986-1989) [=sum(l46:l.50)]",NaN,NaN,NaN,NaN,NaN,NaN,NaN,NaN,NaN,NaN,NaN,NaN,NaN,NaN,NaN,NaN,NaN,NaN,NaN,NaN,NaN,NaN,NaN,NaN,NaN,NaN,NaN,NaN,NaN,NaN,NaN,NaN,NaN,NaN,NaN,NaN,NaN,NaN,NaN,NaN,NaN,NaN,NaN,NaN,NaN,NaN,NaN,NaN,NaN,NaN,NaN,NaN,NaN,NaN,NaN,NaN,NaN,NaN,NaN,NaN,NaN,NaN,NaN,NaN
    Addendum (L.2.1): Retained Earnings unappropriated (reported) (1986-1989),NaN,NaN,NaN,NaN,NaN,NaN,NaN,NaN,NaN,NaN,NaN,NaN,NaN,NaN,NaN,NaN,NaN,NaN,NaN,NaN,NaN,NaN,NaN,NaN,NaN,NaN,NaN,0.003403023081990667,0.015627212595116798,0.019634753242566798,0.019784037450501456,NaN,NaN,NaN,NaN,NaN,NaN,NaN,NaN,NaN,NaN,NaN,NaN,NaN,NaN,NaN,NaN,NaN,NaN,NaN,NaN,NaN,NaN,NaN,NaN,NaN,NaN,NaN,NaN,NaN,NaN,NaN,NaN,NaN
"    Addendum (L.2.2): Shareholders undistributed taxable income, previously taxed (1986-89)",NaN,NaN,NaN,NaN,NaN,NaN,NaN,NaN,NaN,NaN,NaN,NaN,NaN,NaN,NaN,NaN,NaN,NaN,NaN,NaN,NaN,NaN,NaN,NaN,NaN,NaN,NaN,-0.0008691416404509446,-0.0004153132250580046,-0.00023126503168757084,-0.00014056133210909,NaN,NaN,NaN,NaN,NaN,NaN,NaN,NaN,NaN,NaN,NaN,NaN,NaN,NaN,NaN,NaN,NaN,NaN,NaN,NaN,NaN,NaN,NaN,NaN,NaN,NaN,NaN,NaN,NaN,NaN,NaN,NaN,NaN
    Addendum (L.2.3): Accumulated Adjustments Account (1986-89),NaN,NaN,NaN,NaN,NaN,NaN,NaN,NaN,NaN,NaN,NaN,NaN,NaN,NaN,NaN,NaN,NaN,NaN,NaN,NaN,NaN,NaN,NaN,NaN,NaN,NaN,NaN,-0.002037680765109678,-0.00021571753259124466,0.0010449555594852836,0.0009266872046483432,NaN,NaN,NaN,NaN,NaN,NaN,NaN,NaN,NaN,NaN,NaN,NaN,NaN,NaN,NaN,NaN,NaN,NaN,NaN,NaN,NaN,NaN,NaN,NaN,NaN,NaN,NaN,NaN,NaN,NaN,NaN,NaN,NaN
    Addendum (L.2.4): Other Adjustments Account (1986-89),NaN,NaN,NaN,NaN,NaN,NaN,NaN,NaN,NaN,NaN,NaN,NaN,NaN,NaN,NaN,NaN,NaN,NaN,NaN,NaN,NaN,NaN,NaN,NaN,NaN,NaN,NaN,0.00018483694428655934,0.00026110687168333434,0.00022980621559922986,0.00019807872971756138,NaN,NaN,NaN,NaN,NaN,NaN,NaN,NaN,NaN,NaN,NaN,NaN,NaN,NaN,NaN,NaN,NaN,NaN,NaN,NaN,NaN,NaN,NaN,NaN,NaN,NaN,NaN,NaN,NaN,NaN,NaN,NaN,NaN
    Addendum (L.2.5): Other Retained Earnings (1986-89),NaN,NaN,NaN,NaN,NaN,NaN,NaN,NaN,NaN,NaN,NaN,NaN,NaN,NaN,NaN,NaN,NaN,NaN,NaN,NaN,NaN,NaN,NaN,NaN,NaN,NaN,NaN,0.0061250085432647304,0.01599713648108271,0.018591256499169855,0.01879983284824464,NaN,NaN,NaN,NaN,NaN,NaN,NaN,NaN,NaN,NaN,NaN,NaN,NaN,NaN,NaN,NaN,NaN,NaN,NaN,NaN,NaN,NaN,NaN,NaN,NaN,NaN,NaN,NaN,NaN,NaN,NaN,NaN,NaN
"    Addendum (L.3): Retained Earnings, Unappropriated (1959-65) [ =l.52+l.53  ]",0.00282539576040824,0.002556115431559307,NaN,NaN,0.003060448662640207,NaN,0.003797662366005693,NaN,NaN,NaN,NaN,NaN,NaN,NaN,NaN,NaN,NaN,NaN,NaN,NaN,NaN,NaN,NaN,NaN,NaN,NaN,NaN,NaN,NaN,NaN,NaN,NaN,NaN,NaN,NaN,NaN,NaN,NaN,NaN,NaN,NaN,NaN,NaN,NaN,NaN,NaN,NaN,NaN,NaN,NaN,NaN,NaN,NaN,NaN,NaN,NaN,NaN,NaN,NaN,NaN,NaN,NaN,NaN,NaN
"    Addendum (L.3.1): Earned Surplus and undivided profits, accumulated (1959-65)",0.002419979526659433,0.0023030244366516587,NaN,NaN,0.0021860428268883833,NaN,0.0026012334818379364,NaN,NaN,NaN,NaN,NaN,NaN,NaN,NaN,NaN,NaN,NaN,NaN,NaN,NaN,NaN,NaN,NaN,NaN,NaN,NaN,NaN,NaN,NaN,NaN,NaN,NaN,NaN,NaN,NaN,NaN,NaN,NaN,NaN,NaN,NaN,NaN,NaN,NaN,NaN,NaN,NaN,NaN,NaN,NaN,NaN,NaN,NaN,NaN,NaN,NaN,NaN,NaN,NaN,NaN,NaN,NaN,NaN
    Addendum (L.3.2): Shareholders undistributed Taxable income (1959-69),0.0004054162337488067,0.0002530909949076481,NaN,NaN,0.0008744058357518236,NaN,0.0011964288841677568,0.0015104424069416066,NaN,NaN,0.0018599293445949597,NaN,NaN,NaN,NaN,NaN,NaN,NaN,NaN,NaN,NaN,NaN,NaN,NaN,NaN,NaN,NaN,NaN,NaN,NaN,NaN,NaN,NaN,NaN,NaN,NaN,NaN,NaN,NaN,NaN,NaN,NaN,NaN,NaN,NaN,NaN,NaN,NaN,NaN,NaN,NaN,NaN,NaN,NaN,NaN,NaN,NaN,NaN,NaN,NaN,NaN,NaN,NaN,NaN
    Addendum (L.4): MNB payable in less than 1 year to banks (1959-60),0.0008018725055304858,0.0009630481837524106,NaN,NaN,NaN,NaN,NaN,NaN,NaN,NaN,NaN,NaN,NaN,NaN,NaN,NaN,NaN,NaN,NaN,NaN,NaN,NaN,NaN,NaN,NaN,NaN,NaN,NaN,NaN,NaN,NaN,NaN,NaN,NaN,NaN,NaN,NaN,NaN,NaN,NaN,NaN,NaN,NaN,NaN,NaN,NaN,NaN,NaN,NaN,NaN,NaN,NaN,NaN,NaN,NaN,NaN,NaN,NaN,NaN,NaN,NaN,NaN,NaN,NaN
    Addendum (L.5): MNB payable in less than 1 year to small business investment companies (1959-60),2.3948824316500975e-5,1.8059227629235483e-5,NaN,NaN,NaN,NaN,NaN,NaN,NaN,NaN,NaN,NaN,NaN,NaN,NaN,NaN,NaN,NaN,NaN,NaN,NaN,NaN,NaN,NaN,NaN,NaN,NaN,NaN,NaN,NaN,NaN,NaN,NaN,NaN,NaN,NaN,NaN,NaN,NaN,NaN,NaN,NaN,NaN,NaN,NaN,NaN,NaN,NaN,NaN,NaN,NaN,NaN,NaN,NaN,NaN,NaN,NaN,NaN,NaN,NaN,NaN,NaN,NaN,NaN
    Addendum (L.6): MNB payable in less than 1 year to shareholders (1959-60),0.00032419956522905985,0.0004727774889284674,NaN,NaN,NaN,NaN,NaN,NaN,NaN,NaN,NaN,NaN,NaN,NaN,NaN,NaN,NaN,NaN,NaN,NaN,NaN,NaN,NaN,NaN,NaN,NaN,NaN,NaN,NaN,NaN,NaN,NaN,NaN,NaN,NaN,NaN,NaN,NaN,NaN,NaN,NaN,NaN,NaN,NaN,NaN,NaN,NaN,NaN,NaN,NaN,NaN,NaN,NaN,NaN,NaN,NaN,NaN,NaN,NaN,NaN,NaN,NaN,NaN,NaN
    Addendum (L.7): MNB payable in less than 1 year to others (1959-60),0.0005295943288079839,0.0006838556589267343,NaN,NaN,NaN,NaN,NaN,NaN,NaN,NaN,NaN,NaN,NaN,NaN,NaN,NaN,NaN,NaN,NaN,NaN,NaN,NaN,NaN,NaN,NaN,NaN,NaN,NaN,NaN,NaN,NaN,NaN,NaN,NaN,NaN,NaN,NaN,NaN,NaN,NaN,NaN,NaN,NaN,NaN,NaN,NaN,NaN,NaN,NaN,NaN,NaN,NaN,NaN,NaN,NaN,NaN,NaN,NaN,NaN,NaN,NaN,NaN,NaN,NaN
    Addendum (L.8): MNB payable in less than 1 year to not stated (1959-60),0.00041859930145268705,0.0005121537956643104,NaN,NaN,NaN,NaN,NaN,NaN,NaN,NaN,NaN,NaN,NaN,NaN,NaN,NaN,NaN,NaN,NaN,NaN,NaN,NaN,NaN,NaN,NaN,NaN,NaN,NaN,NaN,NaN,NaN,NaN,NaN,NaN,NaN,NaN,NaN,NaN,NaN,NaN,NaN,NaN,NaN,NaN,NaN,NaN,NaN,NaN,NaN,NaN,NaN,NaN,NaN,NaN,NaN,NaN,NaN,NaN,NaN,NaN,NaN,NaN,NaN,NaN
    Addendum (L.9): MNB payable in more than 1 year to banks (1959-60),0.0003293696588159968,0.0004940576936550255,NaN,NaN,NaN,NaN,NaN,NaN,NaN,NaN,NaN,NaN,NaN,NaN,NaN,NaN,NaN,NaN,NaN,NaN,NaN,NaN,NaN,NaN,NaN,NaN,NaN,NaN,NaN,NaN,NaN,NaN,NaN,NaN,NaN,NaN,NaN,NaN,NaN,NaN,NaN,NaN,NaN,NaN,NaN,NaN,NaN,NaN,NaN,NaN,NaN,NaN,NaN,NaN,NaN,NaN,NaN,NaN,NaN,NaN,NaN,NaN,NaN,NaN
    Addendum (L.10): MNB payable in more than 1 year to small business investment companies (1959-60),2.1119362642671194e-5,2.9525316105622973e-5,NaN,NaN,NaN,NaN,NaN,NaN,NaN,NaN,NaN,NaN,NaN,NaN,NaN,NaN,NaN,NaN,NaN,NaN,NaN,NaN,NaN,NaN,NaN,NaN,NaN,NaN,NaN,NaN,NaN,NaN,NaN,NaN,NaN,NaN,NaN,NaN,NaN,NaN,NaN,NaN,NaN,NaN,NaN,NaN,NaN,NaN,NaN,NaN,NaN,NaN,NaN,NaN,NaN,NaN,NaN,NaN,NaN,NaN,NaN,NaN,NaN,NaN
    Addendum (L.11): MNB payable in more than 1 year to shareholders (1959-60),0.0004661499768045486,0.0006374363456014396,NaN,NaN,NaN,NaN,NaN,NaN,NaN,NaN,NaN,NaN,NaN,NaN,NaN,NaN,NaN,NaN,NaN,NaN,NaN,NaN,NaN,NaN,NaN,NaN,NaN,NaN,NaN,NaN,NaN,NaN,NaN,NaN,NaN,NaN,NaN,NaN,NaN,NaN,NaN,NaN,NaN,NaN,NaN,NaN,NaN,NaN,NaN,NaN,NaN,NaN,NaN,NaN,NaN,NaN,NaN,NaN,NaN,NaN,NaN,NaN,NaN,NaN
    Addendum (L.12): MNB payable in more than 1 year to others (1959-60),0.0006431236030012231,0.0008634541706767555,NaN,NaN,NaN,NaN,NaN,NaN,NaN,NaN,NaN,NaN,NaN,NaN,NaN,NaN,NaN,NaN,NaN,NaN,NaN,NaN,NaN,NaN,NaN,NaN,NaN,NaN,NaN,NaN,NaN,NaN,NaN,NaN,NaN,NaN,NaN,NaN,NaN,NaN,NaN,NaN,NaN,NaN,NaN,NaN,NaN,NaN,NaN,NaN,NaN,NaN,NaN,NaN,NaN,NaN,NaN,NaN,NaN,NaN,NaN,NaN,NaN,NaN
    Addendum (L.13): MNB payable in more than 1 year to not stated (1959-60),0.0004404931237946992,0.0006600827461088311,NaN,NaN,NaN,NaN,NaN,NaN,NaN,NaN,NaN,NaN,NaN,NaN,NaN,NaN,NaN,NaN,NaN,NaN,NaN,NaN,NaN,NaN,NaN,NaN,NaN,NaN,NaN,NaN,NaN,NaN,NaN,NaN,NaN,NaN,NaN,NaN,NaN,NaN,NaN,NaN,NaN,NaN,NaN,NaN,NaN,NaN,NaN,NaN,NaN,NaN,NaN,NaN,NaN,NaN,NaN,NaN,NaN,NaN,NaN,NaN,NaN,NaN
Total receipts [=sum(l.65:l.78)],0.036805489845759834,0.04317584101242298,0.046558217673498645,0.04935852808806435,0.05503668209271315,0.05860417263244017,0.06256661623707209,0.06258797242240728,0.06599473230700534,0.06566198834636863,0.07199248438751395,0.0723294316702739,0.06849713868738465,0.07114293454042264,0.07779739030262892,0.07969210603121968,0.07597854536519588,0.07923427841820166,0.07892948738271113,0.08259236247336386,0.08095898997196016,0.07360861958480486,0.0662648310389546,0.07268896721653191,0.08262115641058239,0.09536001667321757,0.0992495656236179,0.10568237943188,0.2002478296017787,0.24138324124146987,0.25949579993547905,0.2717866051867941,0.2732947906742454,0.27941588834425024,0.2912560501411448,0.30339971753350653,0.3148105338277475,0.32429761026775017,0.33753657442123347,0.3377683968461462,0.3427276308636166,0.3528918197061112,0.35546565753748677,0.35784500445965034,0.3694482989058565,0.387745450429051,0.40282492994008756,0.4209296916387821,0.42091830838922806,0.41478971834672523,0.3724852808734757,0.3777288984077383,0.39939183865466404,0.4043852749820505,0.4081823286415603,0.4190981670520756,0.4101858102470405,0.4089363082402987,0.4138347825235663,0.40611684782661317,0.3980075057165786,0.38805792648994886,0.4095683495222153,0.4102735518169642
    Business receipts,0.03615050205691896,0.04230600757399766,0.04552319511071506,0.04819930885114303,0.05372278139461919,0.05740585278905999,0.06120677795306141,0.06129524448804668,0.06482001467511823,0.06428237146401801,0.07023488745743724,0.0708999779186306,0.06703105206678972,0.06937492084339893,0.07595147876770761,0.07785651124127403,0.07438585937240341,0.07753299914807849,0.07701371824542493,0.08066646651916419,0.07924589079496204,0.07170645926391529,0.06434526842656517,0.07028277053366705,0.0800115293235789,0.09231504827233318,0.09588458206412154,0.10191057685651966,0.19593485190666118,0.23621137422041472,0.2542775367893392,0.2663143606795342,0.2688285794272903,0.27465445061267635,0.28693151680987217,0.29825496319866684,0.30975544523779514,0.31858666275574676,0.33116953916455416,0.3314773909701586,0.33669811202624145,0.3470555872274107,0.3488135434475132,0.35147251779376687,0.3624478003220893,0.3802585896141799,0.3947341817904891,0.4125633351846245,0.41274720157786654,0.4071325950777333,0.3650660832001952,0.3699390640728858,0.39116742031209256,0.39541460270936885,0.3995747700492924,0.41032716701788685,0.40154997942336107,0.39987865708285913,0.40479203402062663,0.39724506291380407,0.38914135647838516,0.37772396830713006,0.39815084871243756,0.40029727283620475
    Other receipts,0.0002075551994233726,0.0003785947911250742,NaN,0.0005072873649246094,0.0006685700839281513,0.00048308739736434563,0.0005325648096630827,0.0005436149365513749,0.00048237997392898966,0.0006013994563339645,0.000648159667457732,0.0005834009594681091,NaN,0.0006450360015948589,0.0006521051287519924,NaN,0.0007184272813169178,NaN,0.0007759529374693178,0.0008079787412734909,0.0006149665839845958,0.0007184761735438299,0.0007068409789584854,0.0009543532800664157,0.0010416115626749086,0.001373194013393557,0.0014288273808193126,0.001632682851522317,0.003949759176473133,0.004575326586507851,0.004560246774839673,0.004809636829162603,0.003968097128202413,0.004113038655883363,0.0037674810408425442,0.0045334653632735375,0.004345161732407701,0.004917269304241903,0.005569855711746195,0.005401458508982362,0.005241948643425743,0.005137613950392119,0.005922304808508921,0.005610941899375502,0.006261303981599885,0.006302268949438153,0.007033059014293595,0.007243361861746986,0.007060164659559045,0.006696700483728284,0.006588555986099525,0.006817087028741035,0.0071158797471648876,0.007680314532388087,0.007561444225923797,0.007553282692355091,0.0074945749441419005,0.00796844282129888,0.007926491867113479,0.0075714929371439015,0.007494555473630387,0.008739758649254716,0.009508796915742438,0.008462624547038002
"    Net gain, noncapital assets",0.00016132915687409663,0.0001922261431979675,NaN,0.00025076085984613905,0.00022027610008628127,0.00024718318090173277,0.00028520562745776914,0.0002643106708269098,0.00020405042565982797,0.0003251779884356685,0.00041895608850105393,0.0002618962212907259,NaN,0.00043852444277661814,0.0004375231517859147,NaN,0.00019660051848651317,NaN,0.0003425963553149975,0.0003521999286442969,0.0003330381036587292,0.0003689131059420636,0.00028816407398595776,0.00028707612830833524,0.00046600971151099685,0.0004947428096749243,0.000572589542378518,0.0006314237981182326,0.00035177432925215463,0.0005710101026690281,0.0006440934986298165,0.000548913291377837,0.00043880665702196236,0.0005766227675391127,0.0004990545390073921,0.0005466448458647422,0.0006297685958007259,0.0007045367331250537,0.0006872116893024956,0.000780363544800695,0.0006473230879897068,0.0005682669277936333,0.0006000630886863822,0.000648381093864202,0.0006201923807113023,0.0010760474007292672,0.000920206359333324,0.0009830552934320615,0.000950118445004459,0.000809507495736927,0.0007132684908834861,0.0008523457849709459,0.001001729068166043,0.00116052724349805,0.0009453755514513245,0.001120392230001832,0.0010446950068759152,0.0009973353771963742,0.0010206216549353048,0.001199276102514093,0.0012899923500400326,0.0014797842423685565,0.001756334337801986,0.0014398129636462855
    Interest on SL Government Obligations (Tax Exempt) (1959-1983 & 1991-2019),6.837865711755301e-6,1.272166111707247e-6,NaN,2.3049334185540515e-6,1.4871754647423328e-6,NaN,5.685117252175366e-7,NaN,8.35737517718868e-6,2.2197393082025107e-6,1.4750175655822684e-6,4.403230029171632e-6,NaN,2.7738036603575925e-6,3.2987787082145343e-6,NaN,5.209792367992479e-6,NaN,6.456351299292064e-6,3.0030630222244523e-6,2.3997719360279035e-6,2.693445261569723e-6,4.685627654900577e-6,5.686363583348112e-6,1.8486322927828492e-6,NaN,NaN,NaN,NaN,NaN,NaN,NaN,5.930746173066527e-5,7.177646151795761e-5,5.799775142271139e-5,6.464412570143193e-5,8.01582617439395e-5,8.914159850427134e-5,0.00010996785563060417,0.00010918393254547675,0.00014024700213016651,0.00013035160051476195,0.00012974619277827322,0.00011316376414250825,0.0001190021341689616,0.00010854454655552714,0.00013748269927971792,0.00013993937136058608,0.0001608237067980413,0.0001509152218213007,0.00011737326536753836,0.00012040152114054841,0.00010680952724059618,0.000129830558318983,0.00010073887413204786,9.732516862373524e-5,9.65608726615698e-5,9.187295894429291e-5,9.563503187980564e-5,0.00010101587315111609,8.160141452300192e-5,0.00011441529119547013,0.00015236955623335003,7.384147007512757e-5
    Nonqualifying interest and dividends (1983-1986),NaN,NaN,NaN,NaN,NaN,NaN,NaN,NaN,NaN,NaN,NaN,NaN,NaN,NaN,NaN,NaN,NaN,NaN,NaN,NaN,NaN,NaN,NaN,NaN,0.0005625164073683324,0.0006797645044237771,0.0007195665155328016,0.0007493787163201577,NaN,NaN,NaN,NaN,NaN,NaN,NaN,NaN,NaN,NaN,NaN,NaN,NaN,NaN,NaN,NaN,NaN,NaN,NaN,NaN,NaN,NaN,NaN,NaN,NaN,NaN,NaN,NaN,NaN,NaN,NaN,NaN,NaN,NaN,NaN,NaN
    Interest (1982),NaN,NaN,NaN,NaN,NaN,NaN,NaN,NaN,NaN,NaN,NaN,NaN,NaN,NaN,NaN,NaN,NaN,NaN,NaN,NaN,NaN,NaN,NaN,0.0004974901227320264,NaN,NaN,NaN,NaN,NaN,NaN,NaN,NaN,NaN,NaN,NaN,NaN,NaN,NaN,NaN,NaN,NaN,NaN,NaN,NaN,NaN,NaN,NaN,NaN,NaN,NaN,NaN,NaN,NaN,NaN,NaN,NaN,NaN,NaN,NaN,NaN,NaN,NaN,NaN,NaN
    Interest on Government Obligations (1966),NaN,NaN,NaN,NaN,NaN,NaN,NaN,1.0900968018745681e-5,NaN,NaN,NaN,NaN,NaN,NaN,NaN,NaN,NaN,NaN,NaN,NaN,NaN,NaN,NaN,NaN,NaN,NaN,NaN,NaN,NaN,NaN,NaN,NaN,NaN,NaN,NaN,NaN,NaN,NaN,NaN,NaN,NaN,NaN,NaN,NaN,NaN,NaN,NaN,NaN,NaN,NaN,NaN,NaN,NaN,NaN,NaN,NaN,NaN,NaN,NaN,NaN,NaN,NaN,NaN,NaN
    Interest on US Government Obligations (1959-1981),3.080585982279442e-6,4.310615027784846e-6,NaN,2.2734724020651673e-6,6.692289591340497e-6,6.191742395465038e-6,5.984192140796913e-6,NaN,1.2416871036875014e-5,9.280806590329462e-6,1.4699075780132958e-5,1.1874559187852823e-5,NaN,6.441979188654611e-6,6.158375053319265e-6,NaN,9.693133852136382e-6,NaN,3.0854643951992146e-5,1.4153348423774632e-5,1.5016748923718463e-5,1.6532700196373718e-5,2.2332736001816004e-5,NaN,NaN,NaN,NaN,NaN,NaN,NaN,NaN,NaN,NaN,NaN,NaN,NaN,NaN,NaN,NaN,NaN,NaN,NaN,NaN,NaN,NaN,NaN,NaN,NaN,NaN,NaN,NaN,NaN,NaN,NaN,NaN,NaN,NaN,NaN,NaN,NaN,NaN,NaN,NaN,NaN
    Other Interest (1959-1981),3.487944116214963e-5,4.492590093329056e-5,NaN,5.5089895715009556e-5,6.056004392501373e-5,6.797621482628641e-5,8.639896320705278e-5,7.9820362078843e-5,9.899774291565063e-5,9.665114904465099e-5,0.00015759693007669895,0.00013998470143100316,NaN,0.00016427359648505603,0.00020859829266102418,NaN,0.00019953302977499015,NaN,0.00022651797028185833,0.0002182047194270792,0.00024942099079180297,0.0002910572787593353,0.00032724994784912324,NaN,NaN,NaN,NaN,NaN,NaN,NaN,NaN,NaN,NaN,NaN,NaN,NaN,NaN,NaN,NaN,NaN,NaN,NaN,NaN,NaN,NaN,NaN,NaN,NaN,NaN,NaN,NaN,NaN,NaN,NaN,NaN,NaN,NaN,NaN,NaN,NaN,NaN,NaN,NaN,NaN
    Rents (1959-1986),7.122537160646712e-5,7.939791512255201e-5,NaN,0.00011919585641854411,0.00011361361675425524,0.00015310609823802706,0.00014980418677900388,0.00018325846370974682,0.00015573649441426857,0.00016499636953556634,0.00018987043233442902,0.00020109885093025918,NaN,0.00019587838418900642,0.00022685522977796736,NaN,0.00023341448533566303,NaN,0.00023242384329910377,0.0002159449804154535,0.00018628548417730072,0.00019562616127703463,0.0002509546962449186,0.0002942515212532848,0.00038590653152223507,0.00041494392850429204,0.0005275217971785529,0.0006068541330076593,NaN,NaN,NaN,NaN,NaN,NaN,NaN,NaN,NaN,NaN,NaN,NaN,NaN,NaN,NaN,NaN,NaN,NaN,NaN,NaN,NaN,NaN,NaN,NaN,NaN,NaN,NaN,NaN,NaN,NaN,NaN,NaN,NaN,NaN,NaN,NaN
    Royalties (1959-1986),2.06075291285028e-6,2.837483544807903e-6,NaN,2.063180344481572e-6,1.0956153423797944e-5,1.172603220056687e-5,1.0415080918617951e-5,1.0363726220596155e-5,1.9357899620795875e-5,1.4255021256555301e-5,1.6853132078438308e-5,4.720009167960958e-6,NaN,1.4854860019857557e-5,9.381384280358306e-6,NaN,2.348323702715407e-5,NaN,3.671872673316598e-5,3.182855580394447e-5,1.4595789722886288e-5,1.732330477614061e-5,2.4527905941957087e-5,2.8786206306677842e-5,7.14978764668944e-5,8.232289721674663e-5,8.188424050911516e-5,6.936868931143142e-5,NaN,NaN,NaN,NaN,NaN,NaN,NaN,NaN,NaN,NaN,NaN,NaN,NaN,NaN,NaN,NaN,NaN,NaN,NaN,NaN,NaN,NaN,NaN,NaN,NaN,NaN,NaN,NaN,NaN,NaN,NaN,NaN,NaN,NaN,NaN,NaN
    NSTCG-NLTCL (1959-1983),3.377717797620645e-6,9.273906582445583e-6,NaN,5.894800984233063e-6,6.038120636912699e-6,3.6232942757794467e-6,5.3981670212006375e-6,5.245791196119074e-6,7.849211415893083e-6,5.584430357273845e-6,5.8519184563906786e-6,6.046754737478605e-6,NaN,5.904886991736442e-6,1.11458309947691e-5,NaN,5.338583088413346e-6,NaN,1.1105635149143108e-5,1.1982059866499348e-5,1.4654784909259694e-5,1.657994748201716e-5,1.623459132577351e-5,1.809982627492345e-5,8.074764215453993e-6,NaN,NaN,NaN,NaN,NaN,NaN,NaN,NaN,NaN,NaN,NaN,NaN,NaN,NaN,NaN,NaN,NaN,NaN,NaN,NaN,NaN,NaN,NaN,NaN,NaN,NaN,NaN,NaN,NaN,NaN,NaN,NaN,NaN,NaN,NaN,NaN,NaN,NaN,NaN
    NLTCG-NSTCL (1959-1990),0.0001582102313027409,0.00015077565258434091,NaN,0.00020544209351538775,0.00021904306220095693,0.00021648306694328377,0.00027152901363215677,0.00018621882583776526,0.0001767770323934048,0.00014620193886999536,0.00029374370464271853,0.00020552351013646656,0.0001995046572520067,0.00028577995637591764,0.0002820673281997171,0.00027747156919656,0.0001901105344874248,0.00020641908987451772,0.0002425053774907221,0.0002594060466941855,0.0002747432472396914,0.00026288634717935454,0.0002643679952953517,0.00029125611693800056,7.216187612787758e-5,NaN,3.459385260910459e-5,8.209460543873513e-5,1.1443983428128312e-5,2.553033187827298e-5,1.3922872670422116e-5,6.801915231294096e-5,NaN,NaN,NaN,NaN,NaN,NaN,NaN,NaN,NaN,NaN,NaN,NaN,NaN,NaN,NaN,NaN,NaN,NaN,NaN,NaN,NaN,NaN,NaN,NaN,NaN,NaN,NaN,NaN,NaN,NaN,NaN,NaN
"    Dividends (1959-1982)  (=l.80 + l.81 when available, else as reported)",6.431466067546688e-6,6.218864195345715e-6,NaN,8.613695146061909e-6,6.664052082516276e-6,8.942816234695964e-6,1.1969731465776807e-5,8.994189920507884e-6,8.794605324207316e-6,1.3849982618420647e-5,1.0390963183522256e-5,1.0504955264263679e-5,NaN,8.54578574164849e-6,8.778034708034933e-6,NaN,1.0875397055262496e-5,NaN,1.0637296296616528e-5,1.1194935871294382e-5,7.97805226821267e-6,1.2071506491952037e-5,1.420437094505496e-5,2.9197416463778067e-5,NaN,NaN,NaN,NaN,NaN,NaN,NaN,NaN,NaN,NaN,NaN,NaN,NaN,NaN,NaN,NaN,NaN,NaN,NaN,NaN,NaN,NaN,NaN,NaN,NaN,NaN,NaN,NaN,NaN,NaN,NaN,NaN,NaN,NaN,NaN,NaN,NaN,NaN,NaN,NaN
    Addendum (R.1): Total Receipts (1991+ DEFINITION),0.036526224278928175,0.04287810067443241,NaN,0.04895966200933233,0.05461311475409836,0.05813612336732607,0.06202511690190748,0.06210317009542496,0.06551480244988424,0.06521116864809584,0.07130347823096161,0.07174967832941861,0.06703105206678972,0.07046125509143077,0.07704440582695372,0.07785651124127403,0.07530609696457484,0.07753299914807849,0.07813872388950854,0.0818296482521042,0.08019629525454139,0.07279654198866276,0.06534495910716452,0.07152988630562515,0.08152099923005758,0.09418298509540167,0.09788599898731937,0.10417468350616021,0.20023638541238648,0.2413577109095916,0.2594818770628086,0.2716729108000746,0.2732947906742454,0.2794158884976168,0.2912560501411448,0.30339971753350653,0.3148105338277475,0.32429761039161803,0.33753657442123347,0.33776839695648714,0.34272763075978707,0.3528918197061112,0.35546565753748677,0.3578450045511491,0.36944829881856944,0.3877454505109028,0.40282492986339574,0.4209296917111641,0.42091830838922806,0.4147897182790198,0.37248528094254574,0.3777288984077383,0.39939183865466404,0.40438527504357397,0.4081823287007996,0.4190981671088675,0.4101858102470405,0.4089363082402987,0.41383478257455525,0.40611684782661317,0.3980075057165786,NaN,NaN,NaN
    Addendum (R.2): Dividends Received from Domestic Corps (1968-1982),NaN,NaN,NaN,NaN,NaN,NaN,NaN,NaN,NaN,9.142604430336013e-6,9.888808635878992e-6,9.922640670900947e-6,NaN,8.186942483445521e-6,8.582998450935052e-6,NaN,1.0740077772976976e-5,NaN,1.043747171953852e-5,1.0906196166948532e-5,7.834180136282687e-6,1.1307500384102933e-5,1.3137655552267652e-5,2.7171869995385474e-5,NaN,NaN,NaN,NaN,NaN,NaN,NaN,NaN,NaN,NaN,NaN,NaN,NaN,NaN,NaN,NaN,NaN,NaN,NaN,NaN,NaN,NaN,NaN,NaN,NaN,NaN,NaN,NaN,NaN,NaN,NaN,NaN,NaN,NaN,NaN,NaN,NaN,NaN,NaN,NaN
    Addendum (R.3): Dividends Received from Foreign Corps (1968-1982),NaN,NaN,NaN,NaN,NaN,NaN,NaN,NaN,NaN,4.707378188084635e-6,5.021545476432639e-7,5.823145933627316e-7,NaN,3.5884325820296923e-7,1.9503625709988102e-7,NaN,1.3531928228551894e-7,NaN,1.9982457707800748e-7,2.887397043458515e-7,1.4387213192998376e-7,7.640061078491041e-7,1.0667153927873076e-6,2.025546468392593e-6,NaN,NaN,NaN,NaN,NaN,NaN,NaN,NaN,NaN,NaN,NaN,NaN,NaN,NaN,NaN,NaN,NaN,NaN,NaN,NaN,NaN,NaN,NaN,NaN,NaN,NaN,NaN,NaN,NaN,NaN,NaN,NaN,NaN,NaN,NaN,NaN,NaN,NaN,NaN,NaN
    Addendum (R.4): Taxable interest on US GO (issued on or after 3/1/41) (1959-60),2.814125838199266e-6,4.087525028485458e-6,NaN,NaN,NaN,NaN,NaN,NaN,NaN,NaN,NaN,NaN,NaN,NaN,NaN,NaN,NaN,NaN,NaN,NaN,NaN,NaN,NaN,NaN,NaN,NaN,NaN,NaN,NaN,NaN,NaN,NaN,NaN,NaN,NaN,NaN,NaN,NaN,NaN,NaN,NaN,NaN,NaN,NaN,NaN,NaN,NaN,NaN,NaN,NaN,NaN,NaN,NaN,NaN,NaN,NaN,NaN,NaN,NaN,NaN,NaN,NaN,NaN,NaN
    Addendum (R.5): Taxable Interst on US GO (Issues before 3/1/41) (1959-60),2.6646014408017576e-7,2.2308999929938678e-7,NaN,NaN,NaN,NaN,NaN,NaN,NaN,NaN,NaN,NaN,NaN,NaN,NaN,NaN,NaN,NaN,NaN,NaN,NaN,NaN,NaN,NaN,NaN,NaN,NaN,NaN,NaN,NaN,NaN,NaN,NaN,NaN,NaN,NaN,NaN,NaN,NaN,NaN,NaN,NaN,NaN,NaN,NaN,NaN,NaN,NaN,NaN,NaN,NaN,NaN,NaN,NaN,NaN,NaN,NaN,NaN,NaN,NaN,NaN,NaN,NaN,NaN
    Addendum (R.6): Nontaxable interest on GO (1959-60) (Assigned S+L),6.837865711755301e-6,1.272166111707247e-6,NaN,NaN,NaN,NaN,NaN,NaN,NaN,NaN,NaN,NaN,NaN,NaN,NaN,NaN,NaN,NaN,NaN,NaN,NaN,NaN,NaN,NaN,NaN,NaN,NaN,NaN,NaN,NaN,NaN,NaN,NaN,NaN,NaN,NaN,NaN,NaN,NaN,NaN,NaN,NaN,NaN,NaN,NaN,NaN,NaN,NaN,NaN,NaN,NaN,NaN,NaN,NaN,NaN,NaN,NaN,NaN,NaN,NaN,NaN,NaN,NaN,NaN
"    Addendum (R.7): Interest on Government Obligations, Total (1966-1968)",NaN,NaN,NaN,NaN,NaN,NaN,NaN,1.0900968018745681e-5,2.0774246214063695e-5,1.1500545898531974e-5,NaN,NaN,NaN,NaN,NaN,NaN,NaN,NaN,NaN,NaN,NaN,NaN,NaN,NaN,NaN,NaN,NaN,NaN,NaN,NaN,NaN,NaN,NaN,NaN,NaN,NaN,NaN,NaN,NaN,NaN,NaN,NaN,NaN,NaN,NaN,NaN,NaN,NaN,NaN,NaN,NaN,NaN,NaN,NaN,NaN,NaN,NaN,NaN,NaN,NaN,NaN,NaN,NaN,NaN
    Addendum (R.8): Tax Exempt Interest (1982-83) ( Assigned S+L),NaN,NaN,NaN,NaN,NaN,NaN,NaN,NaN,NaN,NaN,NaN,NaN,NaN,NaN,NaN,NaN,NaN,NaN,NaN,NaN,NaN,NaN,NaN,5.686363583348112e-6,1.8486322927828492e-6,NaN,NaN,NaN,NaN,NaN,NaN,NaN,NaN,NaN,NaN,NaN,NaN,NaN,NaN,NaN,NaN,NaN,NaN,NaN,NaN,NaN,NaN,NaN,NaN,NaN,NaN,NaN,NaN,NaN,NaN,NaN,NaN,NaN,NaN,NaN,NaN,NaN,NaN,NaN
    Addendum (R.9): NLTCG-NSTCL (1984),NaN,NaN,NaN,NaN,NaN,NaN,NaN,NaN,NaN,NaN,NaN,NaN,NaN,NaN,NaN,NaN,NaN,NaN,NaN,NaN,NaN,NaN,NaN,NaN,NaN,1.4528385954770802e-5,NaN,NaN,NaN,NaN,NaN,NaN,NaN,NaN,NaN,NaN,NaN,NaN,NaN,NaN,NaN,NaN,NaN,NaN,NaN,NaN,NaN,NaN,NaN,NaN,NaN,NaN,NaN,NaN,NaN,NaN,NaN,NaN,NaN,NaN,NaN,NaN,NaN,NaN
Total deductions [ =sum(l.89:l.107)  ],0.03604087191893477,0.04246938504596391,NaN,0.048185381555896294,0.053781052631578945,0.057082739677994335,0.06061552037009844,0.060550489664549664,0.06383140359017116,0.06358935673273085,0.0697790195702697,0.07059997223524019,NaN,0.0688924252018982,0.07521892749702534,NaN,0.0740491321760765,NaN,0.0766411501249384,0.08031484747186914,0.07951193967418671,0.07272435758565671,0.06567682078277141,0.07177175712941217,0.08122269304833907,0.09364943519847,0.09746284275632586,0.10378938761660055,0.19526204071292413,0.23497866927862032,0.2537264190173675,0.2662646714551921,0.26851409592101755,0.27225914390489925,0.28330515666629097,0.29318698145634364,0.3046647269432543,0.31267156349179415,0.3244015991975333,0.32388210321360345,0.32832654364390956,0.3391911063479763,0.3418646263833371,0.3439510757877038,0.354353050552309,0.3698440481760299,0.38099105681124384,0.3993697750576288,0.40091543479900965,0.39838771113772087,0.3571110943194281,0.3597327532892448,0.38053414815075026,0.38097760737838204,0.3855147704035435,0.39510394006453153,0.3851071357181974,0.38302577592355785,0.3892645402823216,0.38235203071030954,0.3742192882983839,0.3620461411945883,0.37757932018286544,0.38090474562394205
    Cost of Sales and Operations (1959-1993),0.027502315711180208,0.031850726978402674,NaN,0.035589523150340606,0.03934790807122127,0.0423950983256874,0.0450987189625604,0.04472341390730919,0.0474500377343571,0.04675160925784377,0.050885052795015796,0.05064967954063297,0.0477101000128772,0.04956358249095074,0.054504614922659005,NaN,0.05282783232753913,NaN,0.05427615756552181,0.0575844270217839,0.05722832278968825,0.050581823724227044,0.04421016538298076,0.047191192685902134,0.052809830001777636,0.06208345054367519,0.0646684355927973,0.06684990886820358,0.13447145327240914,0.1625619123152036,0.17369827388781156,0.179739653276862,0.18109278272670157,0.18042952462353498,0.18897982302113317,NaN,NaN,NaN,NaN,NaN,NaN,NaN,NaN,NaN,NaN,NaN,NaN,NaN,NaN,NaN,NaN,NaN,NaN,NaN,NaN,NaN,NaN,NaN,NaN,NaN,NaN,NaN,NaN,NaN
    Cost of Goods Sold (1994-2019),NaN,NaN,NaN,NaN,NaN,NaN,NaN,NaN,NaN,NaN,NaN,NaN,NaN,NaN,NaN,NaN,NaN,NaN,NaN,NaN,NaN,NaN,NaN,NaN,NaN,NaN,NaN,NaN,NaN,NaN,NaN,NaN,NaN,NaN,NaN,0.1972805775742682,0.20393534918490122,0.2089530262270284,0.2152377824115785,0.21339138239247246,0.2138181804872761,0.22092395955029348,0.21911117859513138,0.21839148446515488,0.22488907034901737,0.2387261550031611,0.24734029388466175,0.25895692139810533,0.2605809078729449,0.2565046024126698,0.2209041919753514,0.22627758914546384,0.24348315656961286,0.24483059966272855,0.24840014737555347,0.2547073424799374,0.2431289947280186,0.23933661022521083,0.24350788701792395,0.23890317631492164,0.2320525308702672,0.22083683798121764,0.23471079736715272,0.23836092064154166
    Compensation of officers,0.0016885675179333429,0.0020190419298575543,NaN,0.0024727812532081956,0.0027429068946584045,0.0028990591122929022,0.0030052796148130985,0.0031493962484048714,0.0032639090933404965,0.003443228147314998,0.0038747433950953947,0.004082253566793347,NaN,0.0035468575806615536,0.0036424304885167144,NaN,0.0035612919193022275,NaN,0.0037254381490095714,0.0037266107019096367,0.0033393235649991837,0.0032655612435065606,0.0027533648618773506,0.0028222280173778908,0.0032272301500424596,0.0034228914460103037,0.0035221055460282246,0.004317975181843253,0.007095149442403683,0.008903051654578933,0.009673950737204826,0.010640277175932696,0.010573620818920812,0.011601927786750572,0.011879676474314795,0.011368015939102288,0.011588701932484955,0.012231813541279321,0.012622514675515811,0.01310194843391409,0.013613294622918166,0.013869252143605784,0.013538380289642844,0.013906786720380107,0.014031799553963052,0.01422455488149654,0.01467606900946431,0.015378104926878583,0.01550943642728303,0.015646164669649586,0.01513543859135339,0.014732582380549475,0.015066739287572377,0.015200226406225679,0.015045777590871175,0.014961192603102042,0.014914319903138663,0.014800710431364399,0.014950343517487315,0.013989443089047543,0.013633375598921114,0.014179130510611766,0.014334617288592155,0.013431662200023382
    Salaries and wages (1993-2019),NaN,NaN,NaN,NaN,NaN,NaN,NaN,NaN,NaN,NaN,NaN,NaN,NaN,NaN,NaN,NaN,NaN,NaN,NaN,NaN,NaN,NaN,NaN,NaN,NaN,NaN,NaN,NaN,NaN,NaN,NaN,NaN,NaN,NaN,0.025419088616136423,0.026338147550045037,0.028014413431645464,0.028405765576192208,0.03286893276776404,0.0336179372263613,0.03486496710888353,0.0362448203835117,NaN,0.03833738590560181,0.03925587437644296,0.04011813005210033,0.04132805892878219,0.04262492686700228,0.042226667149363684,0.041857264813984045,0.04120093227915025,0.040581357688841316,0.0410105718482856,0.042224189536464014,0.04326493003867201,0.044470649650746714,0.04581781707906398,0.0465564045949056,0.04717107442129355,0.04572500657903782,0.04512180873688752,0.04524061770228892,0.04519590717133296,0.04468671226524407
    Repairs,0.00014477220533150325,0.00016638089022128315,NaN,0.00023013899145916193,0.0002493544591732685,0.0002773734038512112,0.0003292531615044814,0.0002994194838052947,0.0003308925192945245,0.0003429263350594429,0.00038033440937879255,0.0004115054183208283,NaN,0.0004087381069649991,0.0004517713220932582,NaN,0.0004765215110178384,NaN,0.0005242359351838242,0.0005146396133014175,0.0005580027350929631,0.0005221647516350185,0.0005340617722068412,0.0005698299145071654,0.0006139225841887179,0.0006317802127147897,0.0006246490245746753,0.0006919190650949825,0.0010899760360766721,0.001259627823340981,0.0014059493971546979,0.0014978149110603399,0.0015482395708176948,0.0015942413624347369,0.0017848873210830438,0.00188561877233014,0.0019534327633015168,0.0020910153469748134,0.0021573600486479126,0.002080188532991453,0.0021112319456032974,0.0021290518187969273,0.002173558809551642,0.0022518173486802398,0.0022891856552422433,0.0023365480917225197,0.0024446505409803994,0.0025703556628772018,0.0025427807272346407,0.0025275665405675423,0.0023940511533756545,0.0024053307033417765,0.0025110171764489288,0.002503954110903367,0.0025460798002071364,0.0026128585543797986,0.0027267336535698595,0.002685049220913705,0.002637540942832135,NaN,0.0025761438890710307,0.002549404800807063,0.0026392428951878865,0.002740939205624002
    Bad debts,8.02179222243096e-5,9.997566290916734e-5,NaN,0.00012329075609101837,0.00014069652521766414,0.0001331151564737165,0.00016377852830905482,0.00014328251050510564,0.00012773167092849775,0.0001274266438881158,0.00015085960800499207,0.0001655133732040253,NaN,0.00015274292281351878,0.00016821386076375637,NaN,0.0001752752679084387,NaN,0.0001435441770830031,0.00016208035468632195,0.00014850763112251092,0.00014206698825152496,0.0001492525352809646,0.0001748217366586229,0.00019350513120666322,0.00022400487614835794,0.00023123320025287056,0.0002488678673019726,0.0004708802802759507,0.0004979251162717862,0.0006003616008281368,0.0008593478540850263,0.0008903834265245174,0.0007634948369920711,0.000673004343915391,0.0006244002527158446,0.0006419738397164618,0.0006745008932108297,0.000696936841653656,0.0006938063518219556,0.0006820203190224409,0.0007240558730545222,0.0009080088327940965,0.0008092515875952548,0.0007847912747840736,0.000790176321964549,0.0006912260778021837,0.0007315626130290702,0.0008036038951438377,0.0010767772237817795,0.0012814099423631622,0.0010450737130133349,0.0008841989080325226,0.0007529729659892322,0.0007130350709150809,0.0006765826119718053,0.0006575698008293952,0.0006805984691341034,0.0006530562098851006,NaN,0.0005562325446697217,0.0005579386769231244,0.0004419648022213938,0.00044287886974644875
    Rent paid on business property,0.0005264121429146522,0.000582371833873543,NaN,0.0007626531240789373,0.0008544026982508432,0.0009183969844841188,0.000969906599720594,0.0009369828894019527,0.0010121889531942803,0.0010273172515630133,0.0011287667732885226,0.0011918703292546466,NaN,0.0011423200506602248,0.0013606297566396517,NaN,0.0014437279512660663,NaN,0.0014575243079873149,0.0015353382953471233,0.0014933188902967382,0.0014952960952393285,0.0014202503179722367,0.0016416894128188112,0.0018042444795569007,0.0019445818606191332,0.002007061569092637,0.002364311666158256,0.0037627684870803865,0.004426126309525674,0.00501000783468461,0.005441699714110543,0.005726067446784567,0.0057260816827131526,0.0057540003665493,0.005881477284391503,0.006283971109522054,0.006624547232161238,0.006782401319164255,0.007537138287135225,0.008058998946337995,0.00858399600349314,0.009170423653381155,0.009659850739877398,0.00982026631286306,0.00963138636721552,0.009877225568414987,0.010343762329827123,0.010571443603071612,0.010791718636233703,0.010803777534666747,0.010416510803296784,0.010246736225981318,0.01022790044524507,0.00999374130774211,0.010200811124946885,0.010310882213349984,0.010303438521624641,0.010269433944408407,0.010165062007552484,0.0101777994522001,0.009863057051741215,0.009640204302138045,0.00959008999327336
    Taxes paid,0.0005496746885866878,0.0006679498950923888,NaN,0.0008626196760508808,0.0010514299160718488,0.0010797826023434532,0.0011749049224762862,0.0012998264106592707,0.0012488944240364947,0.001215571981531939,0.0013445183099698806,0.0014438243441041345,0.001450458857363609,0.001569642173073465,0.001703462104034304,0.001698490140385687,0.0016859215717928142,0.0017698749661046263,0.0017655106622743687,0.0017458627087356304,0.001671474457177678,0.001537038547135467,0.0014616514101316448,0.001591083946983497,0.0018733692382963524,0.002050767124040863,0.0021137580983913496,0.0023656661420974746,0.003959892404352845,0.004643475393005704,0.005130559524104949,0.005645245863591421,0.00581612661897794,0.006081968741751756,0.006280483845075912,0.006441960847706867,0.00662401343290205,0.006676117120489446,0.006928984050461017,0.006909730274814111,0.006942199661681881,0.007015648888025229,0.007273576396137226,0.0073956347581156665,0.007788006756019535,0.008231265341081538,0.008062059879914384,0.008205966624788834,0.008060977967184156,0.007155390686791793,0.00748142821828356,0.007708439666738676,0.007916827417291527,0.008152140861586431,0.008275445845408033,0.008244922830568456,0.008357144969349308,0.00833301956781188,0.008301841995314934,0.007954821568167642,0.008000352228706598,0.0077992465221860706,0.008534795450239604,0.00888816353218666
    Interest paid,0.00017186870991116717,0.00022994863398859106,NaN,0.000303269296366087,0.00035269589771746805,0.0004069996785787336,0.000422514680939634,0.0004441698815117517,0.00046109872679976605,0.00048652156857325403,0.0006238036978621581,0.0006949752306664567,0.0006690123191827274,0.000709759911188248,0.0008698385548795546,0.0010314539525498579,0.0009914778527441326,0.0009371195444461763,0.0009874485187522876,0.0010591389093123444,0.0012564608292896257,0.0013732196085334898,0.0014585547861720508,0.001558731128070581,0.0014868820854377417,0.0018134992135204638,0.0018653807727578308,0.0019125211179678013,0.0026923740761222725,0.0032998496306076764,0.004064953966796536,0.004173763202766863,0.0039143850348052145,0.003213200043494751,0.002990658387570917,0.0031136961942772267,0.0036398245544454404,0.0035339214494714685,0.00390959844953432,0.004099575992762515,0.00418966590981866,0.004624869280433661,0.00467025908036238,0.0035486191553784625,0.0032431401524905183,0.0032037531361533366,0.0038750461397277763,0.0048211502185611715,0.005205358517221091,0.004503896515756207,0.003641077569263908,0.0031604309690011364,0.0028220170064460082,0.0026305326637123113,0.0023811518763784617,0.0022858435116762488,0.0022640559706442504,0.0023562066998129693,0.002470157864771456,0.0024659574731769867,0.0026302979733223548,0.0025925673678862983,0.0021535396824828154,0.0021861170155888705
    Contributions or Gifts (1959-1983),1.3330675121824044e-5,1.3850017146586723e-5,NaN,1.4470411741913692e-5,1.8141030669072084e-5,1.9714811676358004e-5,2.134209182676828e-5,2.095488890036316e-5,2.3881371088621668e-5,2.107582939900133e-5,2.3792888273069874e-5,2.16201762223715e-5,NaN,2.363127487080861e-5,2.3967710975910916e-5,NaN,2.2227972632268663e-5,NaN,2.068904894068957e-5,2.18102661210521e-5,1.950799537021002e-5,1.6437155685405874e-5,1.7731298103142428e-5,3.0513288966498784e-5,6.818310650576576e-6,NaN,NaN,NaN,NaN,NaN,NaN,NaN,NaN,NaN,NaN,NaN,NaN,NaN,NaN,NaN,NaN,NaN,NaN,NaN,NaN,NaN,NaN,NaN,NaN,NaN,NaN,NaN,NaN,NaN,NaN,NaN,NaN,NaN,NaN,NaN,NaN,NaN,NaN,NaN
    Amortization,7.641080102903457e-6,9.402966912618781e-6,NaN,9.928434466702654e-6,9.67919052474704e-6,1.5109721532302837e-5,1.3028618233599042e-5,9.763785722891418e-6,1.1251699208915774e-5,8.554713703594638e-6,1.3511003670346841e-5,9.00025435501438e-6,NaN,1.1160103509471429e-5,1.70642693576993e-5,NaN,1.327494029333422e-5,NaN,2.1893280226109195e-5,5.556729697537718e-5,1.949543510472407e-5,1.7347453388802815e-5,5.6635696269551904e-5,2.36211076715666e-5,6.208493141788832e-5,7.543541196246396e-5,6.54762330032019e-5,0.00015986833873733494,0.00026142076097556956,0.00031867292231856846,0.0003854007210745926,0.0004956715786169176,0.0005094268080451059,0.0005374057160016668,0.0005391673382120064,0.0004913204402876482,0.0004019643839084242,0.0004004234049726983,0.0004161781823065602,0.00040379961329904375,0.0004398108558335372,0.00043630874478780115,0.0005489693797794334,0.0005021063018134692,0.0004986254031571735,0.0005187800048390809,0.0005211787198245413,0.0005218547056609916,0.0005686272179766686,0.0006438686427808195,0.0007022673675981746,0.0006742391888455363,0.0006666669017134397,0.0006492546128730397,0.00061298177330858,0.0006384634763766618,0.0006343752908920182,0.0006423100707777802,0.0006184537486088946,0.0006564890710514784,0.0006920078670446428,0.0006484186102629481,0.0006318624425173688,0.0006352758862595316
    Depreciation,0.0005658942517454098,0.0007049293671250153,0.0007875452011618455,0.000853558903302082,0.0009498407718252412,0.0010277196622154692,0.001068117673844015,0.001097168231675383,0.0011702976537253521,0.0011375260325030218,0.001216789257233826,0.0013387822450882927,0.001273930548997725,0.0013243223804051255,0.00144493382798644,0.0015315895299315382,0.0015069897157345463,0.0015209612194221026,0.001570823882495463,0.001590598567187688,0.0016529933586644707,0.0016899122145432744,0.0016209415470522517,0.0019377308197377286,0.0022526052286739985,0.002467511373675486,0.0026430657995809613,0.0028072065194772243,0.004156330461163924,0.004714358500950455,0.004944770436650725,0.00490711980123237,0.004810884117562331,0.004819730820248739,0.0049274325700194455,0.0050832067192554216,0.005403814052006159,0.005546555223617332,0.00568298052871029,0.0056810040410172685,0.005905205098611052,0.006004491290174805,0.006335215346842717,0.007164308651721622,0.007180367653156082,0.00708743070013774,0.005122637076500953,0.005523115817841346,0.00569564145320911,0.007140808830847573,0.006244963778659126,0.005942387622382952,0.007041870078280832,0.0050794235500619235,0.005281483338085313,0.0054539694657095485,0.005567450189584389,0.0056878633259297715,0.006376621027159659,0.00788550198881554,0.007945106221537232,0.00748972128132491,0.007698226581405901,0.007970717048427584
    Depletion,1.3470614621952482e-5,3.748833847730935e-5,NaN,1.655842973099175e-5,2.684916464036395e-5,2.0031849925488707e-5,4.053003614495163e-5,2.257644938493805e-5,2.5494238678820733e-5,3.5297894755865886e-5,2.4446377067948093e-5,2.916976846240064e-5,NaN,1.4816552133905606e-5,2.502988685090811e-5,NaN,4.290926960823881e-5,NaN,2.168048626542276e-5,1.4917934562822998e-5,2.2156308317217496e-5,2.887509112601481e-5,4.4239846013817725e-5,3.0313216533698747e-5,1.6836092522973067e-5,2.3435133580162338e-5,1.4949138956422698e-5,2.1059993698182234e-5,3.636110862237821e-5,3.9959797098714814e-5,5.086341060483056e-5,4.1442567880299385e-5,3.6183392715547204e-5,4.004400392802385e-5,3.643797479907951e-5,4.0931705793527204e-5,3.3402013600185034e-5,2.6831379483674347e-5,4.09151702024074e-5,5.462893049699669e-5,7.174941948913383e-5,5.829321998581205e-5,3.72442491345387e-5,3.1442456237050636e-5,3.394358636401328e-5,4.125913998596732e-5,4.685112127687004e-5,5.368228036413664e-5,4.584382669666389e-5,4.704695277450798e-5,3.595887489676626e-5,3.688757191438538e-5,5.300225670543571e-5,5.0056693841566094e-5,4.588161509815687e-5,4.026632458241751e-5,4.6333048355948686e-5,3.375426411172442e-5,3.596284579796699e-5,3.8440267468144195e-5,2.800513018070303e-5,1.5228571731992669e-5,2.6235872618004695e-5,2.96778144554358e-5
    Advertising,0.00028280814486230337,0.0003376421046421157,NaN,0.0003946155298200761,0.00043617068005333753,0.0004436723840691932,0.0004573205314911039,0.00044893498267794754,0.00047414934898059094,0.00048519589093085535,0.0005448769917896257,0.0005353222715300339,NaN,0.0005185386714199717,0.0005697759749006578,NaN,0.0005932539776746925,NaN,0.0006270082129822569,0.0006930237680829087,0.0006259374049654155,0.0006564943843976164,0.0005884717407728807,0.0006683477934762032,0.0008417974715729445,0.0009199811869042427,0.0010007363483437001,0.0011258472571261747,0.002066098617671926,0.0024730918231057066,0.00274231456435963,0.0028537647254535527,0.00278972509344965,0.002799312979241685,0.0028604536317322635,0.0029555577725217078,0.003065273741323177,0.003098783097790421,0.003227049395911561,0.003250199027520913,0.0032688674857016364,0.0032423536857845007,0.003256184954557907,0.0033753877260614498,0.003526298111544152,0.003591656465198725,0.003648004091049472,0.0037248410725772485,0.0036304241580276337,0.003484192201660381,0.0032381145908497314,0.0032659773216388017,0.003137767174461715,0.0032236480687487428,0.0032127567350207333,0.003324564868812364,0.003397944489699628,0.003407906699701296,0.003574381726140319,0.0034359339203184117,0.0034596157044142375,0.0031173296856307994,0.0032451902993575095,0.0031889154066914983
"    Pension, profit-sharing, stock bonus, and annuity plans",4.5215794377115865e-5,5.329454148552127e-5,NaN,6.507959637171688e-5,0.000100862812769629,9.507056657803232e-5,0.0001213745589655781,0.0001618007558266762,0.00015647606455656608,0.00021431434187599866,0.0003012111653228382,0.0003141209891335438,NaN,0.00018556730851920477,0.0001779025323844375,0.0002121077396888386,0.00018910929049963676,0.00018347112114153213,0.00017728907218951054,0.00016938857347702563,0.00014108299176389136,0.000127984147310737,0.00011599477524609134,0.00014012397313347224,0.00020397722863657453,0.00027360150663275555,0.00034397953988714856,0.00038494935508996247,0.0007167554886858769,0.0008130586096884943,0.0007953876396328689,0.0007903025652239825,0.0008450027597668058,0.0008973493200571075,0.0010096257829086256,0.000982597105404573,0.0010285578753961681,0.0010559982866603526,0.0011728114268499917,0.0011811214989776357,0.001252227143280174,0.001283998305718337,0.001382542445710985,0.0014728466403662586,0.0015689155890349978,0.0015579477484031524,0.0016055284692761372,0.0016757347844097495,0.0016973328042089706,0.0016277953714124071,0.0015424396088234706,0.0015130277013624387,0.00156068950415302,0.0016145653031228678,0.0016337827681498433,0.0017115488304328373,0.0017015270112591848,0.0018246381145182644,0.0017994074780969423,0.001778599304936031,0.0017379002452276888,0.0017733723828004882,0.0018140424844087484,0.0017035745376999252
    Employee benefit programs,6.653643986243756e-5,9.301562367482697e-5,NaN,7.230072757740237e-5,0.00011824456820142756,9.817082079303393e-5,0.00010951260223443969,0.00011153115141858881,0.00012422220129099177,0.00010593195563498045,0.00011906074497722616,0.0001398449459285961,0.00034819848049105035,0.000165512739326563,0.00016700014592640818,0.0001775727183362099,0.00019214863280044443,0.0002024840238025592,0.00024148608000860782,0.00022623670107020798,0.00024898899378190736,0.0002538288675315603,0.0002219201438335213,0.0002931859635880135,0.00036603139537891456,0.0004251234578450188,0.0004362897354423702,0.0004763678558381669,0.0010327927805462787,0.0012617206582031526,0.0014756656823088567,0.0016663370866106873,0.0020787705161746366,0.0021514818198535134,0.002231931372173076,0.0022128741267608185,0.0021937227257073496,0.002210711296076041,0.002314923651876433,0.002428701473283638,0.0025116356555567694,0.002692720929724381,0.003041115565980456,0.003190843205136229,0.0034710649459474795,0.0035047880053655518,0.0036207319361767445,0.0037105753698559083,0.003668445253176888,0.0037679387931992864,0.0037217416523904743,0.00367172991429115,0.003714274834977934,0.003781596496117564,0.0039334971221247385,0.0040081178941237285,0.004118860384894927,0.004143682079252374,0.0041265502800260775,0.00402380299756261,0.004081350346532323,0.004016767966699478,0.003804195249486368,0.003614029975650378
"    Net loss, noncapital assets",2.272770840442132e-5,1.3282151693824647e-5,NaN,1.8717648967913077e-5,5.114126598164562e-5,3.5724512754580256e-5,1.8312274599246384e-5,3.4411750965682915e-5,2.714082880695475e-5,4.268533175428506e-5,5.066847481611415e-5,3.52994447979741e-5,NaN,3.871207323842359e-5,3.4997081471836205e-5,NaN,6.259169661891716e-5,NaN,3.820300063501945e-5,3.822122734360748e-5,3.846676458598891e-5,4.9268069549404386e-5,8.584361721599443e-5,8.890214065540618e-5,5.402695293775134e-5,8.678964526813244e-5,5.704475638162803e-5,6.205783828435086e-5,4.9553109388564665e-5,5.3486167505468415e-5,7.732426022497244e-5,8.891433780569445e-5,9.229248039461336e-5,5.4885897593786326e-5,6.64563795397838e-5,7.421414648846284e-5,6.88412669054965e-5,6.824658415913942e-5,6.852771047030668e-5,7.080668185179067e-5,0.00014524296731488131,8.875761002490306e-5,0.00010010764577989514,7.81260465172455e-5,7.991044346197993e-5,8.358030762541585e-5,7.723742497333233e-5,9.514444667300685e-5,0.00011543358305534499,0.00015785475856172523,0.00021507401506015963,0.00013807289548235557,0.0001491421134670775,0.00010943603316605112,0.00011592279767353015,9.33865920405667e-5,0.00011606935199138083,0.00011197382301103972,0.00010832158633480491,8.847861856278184e-5,7.188395050655103e-5,9.337547422183596e-5,7.352090954745382e-5,7.03171806728743e-5
    Other Deductions (includes salaries and wages) (1959-1992 & 2001),0.004359418311754535,0.0055900841104608925,NaN,0.0063958756263226045,0.007330728684602714,0.007217700084738334,0.007601625512435184,0.007646856336379753,0.007923737061883183,0.008144173556398708,0.009096583678503167,0.00953719033674554,NaN,0.009516520862161973,0.010057295057584806,NaN,0.010264578278643768,NaN,0.011042217745383139,0.011176985531972074,0.011047899143351832,0.010967039943555242,0.010937741051642308,0.013009441684268954,0.01540953176604097,0.017206582453543715,0.01786867786177347,0.020000860768040044,0.033400235416969175,0.03971235332109346,0.04367063535392567,0.04742331696165647,0.047790205109376566,0.05154849473040232,NaN,NaN,NaN,NaN,NaN,NaN,NaN,NaN,0.07031786151655336,NaN,NaN,NaN,NaN,NaN,NaN,NaN,NaN,NaN,NaN,NaN,NaN,NaN,NaN,NaN,NaN,NaN,NaN,NaN,NaN,NaN
    Other deductions (1993-2019),NaN,NaN,NaN,NaN,NaN,NaN,NaN,NaN,NaN,NaN,NaN,NaN,NaN,NaN,NaN,NaN,NaN,NaN,NaN,NaN,NaN,NaN,NaN,NaN,NaN,NaN,NaN,NaN,NaN,NaN,NaN,NaN,NaN,NaN,0.027872029386930987,0.028412385162220628,0.029787470635488155,0.031073306956094556,0.030273702683469596,0.02938013478590597,0.03045124601658033,0.031268528620561294,NaN,0.03383518426206421,0.03589179047610735,0.036196636527726984,0.038054257865725936,0.0404320759391768,0.03999251048138802,0.04145482401934426,0.038568227098272165,0.03816311593663115,0.04026947084731968,0.03994710996759561,0.040058155407574444,0.04167341924512404,0.04134705763355589,0.04212160976229989,0.04266350582920689,0.04205022357109979,0.041454877399619,0.041273126561470704,0.042634977342028,0.043364754089237324
    Addendum (D.1): Other Deductions w/S+W (Consistent Series),0.004359418311754535,0.0055900841104608925,NaN,0.0063958756263226045,0.007330728684602714,0.007217700084738334,0.007601625512435184,0.007646856336379753,0.007923737061883183,0.008144173556398708,0.009096583678503167,0.00953719033674554,NaN,0.009516520862161973,0.010057295057584806,NaN,0.010264578278643768,NaN,0.011042217745383139,0.011176985531972074,0.011047899143351832,0.010967039943555242,0.010937741051642308,0.013009441684268954,0.01540953176604097,0.017206582453543715,0.01786867786177347,0.020000860768040044,0.033400235416969175,0.03971235332109346,0.04367063535392567,0.04742331696165647,0.047790205109376566,0.05154849473040232,0.053291118003067406,0.05475053271226567,0.057801884067133616,0.059479072532286764,0.06314263545123364,0.06299807201226727,0.06531621312546386,0.06751334900407299,0.07031786151655336,0.07217257016766601,0.07514766485255031,0.07631476657982732,0.07938231679450813,0.08305700280617909,0.0822191776307517,0.0833120888333283,0.07976915937742242,0.07874447362547246,0.08128004269560528,0.08217129950405962,0.08332308544624646,0.08614406889587076,0.08716487471261987,0.08867801435720549,0.08983458025050044,0.0877752301501376,0.08657668613650651,0.08651374426375961,0.08783088451336096,NaN
Net income less deficit [ = l.65 +l.66+l.67- l.88 ],0.0004785144942816503,0.00040744346235678915,NaN,0.0007719755200174857,0.000830574947054671,0.001053383689331736,0.0014090280200838219,0.0015526804308752984,0.0016750414845358907,0.0016195921760567948,0.0015229836431263296,0.0011453028641492662,NaN,0.0015659779065131225,0.0018221795512201693,NaN,0.0012517549961303432,NaN,0.0014911174132708498,0.001511797717212841,0.0006819558084186512,6.949095774447758e-5,-0.0003365473032617918,-0.0002475571873703753,0.00029645754942573524,0.0005335498969316772,0.0004231562309935125,0.00038529588955966103,0.00497434469946233,0.006379041630971282,0.0057554580454411705,0.005408239344882498,0.004721387291497141,0.007084968131199555,0.007892895723431118,0.010148091951461432,0.010065648622749255,0.01153690505358398,0.013025007368069585,0.013777109810338221,0.014260840217576844,0.013570361757620171,0.01347128496137141,0.013780764907804003,0.014976246219378604,0.01779285770646554,0.02169639042956403,0.02141997720979274,0.01984204988342038,0.01625109198718309,0.015256813357750037,0.017875743597352934,0.018750880912569524,0.023277837045349536,0.02256681942312405,0.02389690187571224,0.024982113656181498,0.02581865935779655,0.024474607209364913,0.023663801243152524,0.02370661605009698,0.02589737000416509,0.03183665978311654,0.02929496476132788
Total income less deficit,0.000757780061113305,0.0007051838003473567,0.0010039807260289323,0.0011708415987495074,0.0012541422856694642,0.0015197338047511907,0.0019505300496167935,0.0020347375383261168,0.002154971341656986,0.0020704065588618946,0.0022119897996786602,0.001725056205004551,0.0018548242262952312,0.002247735534864085,0.0025751640268953596,0.002297263925479682,0.0019242033967513876,0.0019596308767105153,0.002281880906473452,0.002274512363715072,0.0014446505258374177,0.0008815685538865792,0.0005833246285282913,0.0009115237235363834,0.00139661472995054,0.0017105817224186666,0.001752128784213982,0.0018108972098407055,0.006182431879947644,0.008314147517835598,0.007937376940502483,0.007518054402174424,0.007266020734544534,0.008945830324153988,0.009657057262319971,0.01258041361635605,0.012975383353563056,0.01551388620164541,0.017844603098879495,0.02005869731232574,0.020117635839127367,0.019367556106008495,0.01773655039643528,0.01678809771117643,0.018651657363319352,0.022541886943616196,0.027689018426518136,0.027954108777023742,0.02768577806014939,0.021468754142726587,0.01881924748656019,0.022200449917805013,0.024066899931357796,0.029285033133443706,0.02643172524476646,0.028779703623404134,0.03058794369112161,0.030905410197856274,0.029474508035905584,0.028676633174732853,0.02914519060415185,0.03155719281538334,0.04286858780867707,0.03512032640360744
Portfolio income,0.0002792655668316547,0.00029774033799056756,NaN,0.00039886607873202166,0.00042356733861479334,0.00046635011541945473,0.0005415020295329717,0.0004820571074508184,0.0004799298571210953,0.00045081969827279195,0.0006890061565523307,0.000579753340855285,NaN,0.0006817576283509628,0.0007529844756751903,NaN,0.0006724484006210443,NaN,0.0007907634932026019,0.000762714646502231,0.0007626947174187665,0.0008120775961421016,0.0009198719317900831,0.0011590809109067587,0.0011001571805248046,0.0011770318254869896,0.0013289725532204695,0.0014256013202810444,0.0012080871804853132,0.001935105886864315,0.0021819188950613125,0.0021098150572919252,0.002544633443047393,0.001860862192954433,0.001764161538888854,0.0024323216648946184,0.0029097347308138003,0.003976981148061431,0.004819595730809909,0.006281587501987517,0.005856795621550523,0.0057971943483883254,0.004265265435063872,0.003007332803372425,0.0036754111439407495,0.0047490292371506525,0.005992627996954107,0.006534131567231003,0.007843728176729011,0.005217662155543498,0.003562434128810151,0.004324706320452076,0.005316019018788271,0.00600719608809417,0.003864905821642406,0.004882801747691891,0.005605830034940112,0.005086750840059722,0.004999900826540673,0.005012831931580331,0.005438574554054873,NaN,NaN,NaN
