Tax year,1975,1976,1977,1978,1979,1980,1981,1982,1983,1984,1985,1986,1987,1988,1989,1990,1991,1992,1993,1994,1995,1996,1997,1998,1999,2000,2001,2002,2003,2004,2005,2006,2007,2008,2009,2010,2011,2012,2013,2014,2015,2016,2017,2018,2019,2020,2021,2022
Number of partnerships,1.073094e6,NaN,NaN,1.234157e6,NaN,1.379654e6,1.460502e6,1.514212e6,1.541539e6,1.643581e6,1.713603e6,1.702952e6,1.648032e6,1.654245e6,1.635164e6,1.553529e6,1.515345e6,1.484752e6,1.467567e6,1.493963e6,1.5809e6,1.654256e6,1.758627e6,1.855348e6,1.936919e6,2.0575e6,2.132117e6,2.242169e6,2.375375e6,2.546877e6,2.763625e6,2.947116e6,3.096334e6,3.146006e6,3.168728e6,3.248481e6,3.285177e6,3.388561e6,3.460699e6,3.611255e6,3.715187e6,3.763117e6,3.905335e6,4.0102e6,3.82147e6,4.28069e6,4.467584e6,4.500186e6
   Number of partners,NaN,NaN,NaN,6.121455e6,NaN,8.419899e6,1.2225123e7,9.764667e6,1.0589338e7,1.2426721e7,1.3244824e7,1.522853e7,1.6963258e7,1.7291178e7,1.8431918e7,1.7094966e7,1.5801047e7,1.5734691e7,1.5626848e7,1.4989505e7,1.5605686e7,1.5662298e7,1.6183715e7,1.5663372e7,1.5924404e7,1.3659967e7,1.4231604e7,1.4328108e7,1.4108458e7,1.5556553e7,1.6211908e7,1.6727803e7,1.8515694e7,1.930025e7,2.1141979e7,2.2428047e7,2.4389807e7,2.5333616e7,2.7491241e7,2.7714478e7,2.7093015e7,2.8163819e7,2.7500929e7,2.7448391e7,2.5269018e7,2.8246795e7,3.0624451e7,2.8797574e7
Partnerships reporting balance sheet data:,NaN,NaN,NaN,NaN,NaN,NaN,NaN,NaN,NaN,NaN,NaN,NaN,NaN,NaN,NaN,NaN,NaN,NaN,NaN,NaN,NaN,NaN,NaN,NaN,NaN,NaN,NaN,NaN,NaN,NaN,NaN,NaN,NaN,NaN,NaN,NaN,NaN,NaN,NaN,NaN,NaN,NaN,NaN,NaN,NaN,NaN,NaN,
   Number of partnerships,NaN,NaN,NaN,NaN,NaN,NaN,NaN,NaN,NaN,NaN,NaN,NaN,NaN,NaN,NaN,NaN,NaN,975330.0,976967.0,987504.0,1.053139e6,1.12958e6,1.211006e6,1.30397e6,1.392405e6,1.504978e6,1.59145e6,1.682072e6,1.768302e6,1.890134e6,2.195814e6,2.195814e6,2.342664e6,2.372838e6,2.378615e6,2.413306e6,2.474044e6,2.540028e6,2.551456e6,2.743876e6,2.771012e6,2.842119e6,2.961807e6,3.021683e6,2.910458e6,3.220547e6,3.41385e6,3.43191e6
   Number of partners,NaN,NaN,NaN,NaN,NaN,NaN,NaN,NaN,NaN,NaN,NaN,NaN,NaN,NaN,NaN,NaN,NaN,1.349285e7,1.3117383e7,1.2670748e7,1.3309111e7,1.3033369e7,1.3080094e7,1.2647463e7,1.1868041e7,1.0997133e7,1.1980809e7,1.1912262e7,1.1788129e7,1.2989001e7,1.4206709e7,1.4206709e7,1.588279e7,1.6654321e7,1.8397525e7,1.9866051e7,2.1779003e7,2.2747559e7,2.4307025e7,2.3965867e7,2.3875553e7,2.5146808e7,2.4060789e7,2.4014222e7,2.171046e7,2.4981177e7,2.7107788e7,2.5376338e7
Total assets,NaN,NaN,NaN,0.1504066722260045,NaN,0.20911435943005074,0.22301951425005168,0.2527915035906871,0.2440791117209011,0.2553113730810754,0.29256520992611396,0.30652037533154963,0.2844975425393108,0.301768914097713,0.3174690907511725,0.28260653272837283,0.2949869830593026,0.29252282178485833,0.30885031987039846,0.31496334440108703,0.35585563635663947,0.4172073511337993,0.4863274314163295,0.5656682692588849,0.6228684196482006,0.6530264543234618,0.7964726827216474,0.8112793927006668,0.8445070443287406,0.9501114772980641,1.05330537647372,1.2410822888907402,1.4084436120530919,1.3039934863981804,1.298385231053289,1.317047296456349,1.3188982438288042,1.3544339546584618,1.4314068998274536,1.4839123425770515,1.4958315610385537,1.5394936028685695,1.6522257465314019,1.6628170374907365,1.6735540456347642,2.0202260970042922,2.142492144091341,2.016154635029327
      Cash,NaN,NaN,NaN,0.005904385058847193,NaN,0.00713000388127702,0.0065604876894308495,0.006982223160612108,NaN,NaN,NaN,NaN,NaN,0.011422959271168683,0.01112908706426214,0.010332221895027187,0.010292539178701843,0.010397992616014503,0.011606111575332369,0.012277433995550577,0.012596055053641161,0.015399423667820206,0.01739069142338047,0.020065855130915695,0.02259584897871204,0.025629825795691952,0.03231386309622754,0.03691917785056201,0.036016141824037985,0.040817759001328946,0.05548416907881674,0.052366158634058364,0.06303874348255396,0.0760420148813848,0.06686460271250298,0.0678094456424961,0.07282469903970146,0.0656443457813691,0.06913048139106694,0.07094200982522968,0.07023472640285315,0.07067841877279624,0.07143074602610164,0.07039433416554854,0.06495166625487431,0.08940432750334369,0.09631292430616745,0.08653429411773285
      Notes and accounts recievable,NaN,NaN,NaN,0.010758284469418468,NaN,0.014125377847042687,0.011338445626357755,0.011440551123291572,NaN,NaN,NaN,NaN,NaN,0.013621154494715683,0.013688377723970944,0.013831804833155128,0.013771685198540011,0.015080122822060919,0.016354261879208156,0.01820952662984978,0.02103331837210882,0.0269817261525343,0.031388302513351125,0.0378279184055024,0.0407079329493856,0.04215506803660772,0.05134213242216991,0.04893272433578294,0.045704989154581044,0.05018476620985699,0.06506348949248945,0.06140715574579806,0.0578397935281937,0.06215793959347758,0.04658773025432193,0.05393261167158871,0.04527037002943384,0.0498764231138608,0.046077915508513485,0.04362478974210675,0.04289232233101261,0.04538226265657278,0.047907601337174366,0.0467982085652779,0.041244536183920676,0.052067525053822686,0.05138040554851091,0.05132427434925729
             Less: Allowance for bad debts,NaN,NaN,NaN,9.884933613256342e-5,NaN,9.17195807100882e-5,0.00011064373670308549,0.0001234097007915272,NaN,NaN,NaN,NaN,NaN,0.0002173783018150888,0.00023326638991204591,0.0002624041948341345,0.00026634794431880203,0.0003097769483033596,0.0003420254896108643,0.0003739645594022205,0.0004349748924997405,0.00046956022713393904,0.0006309238346791718,0.0006783417341429271,0.0007762824711260478,0.0009255851554080051,0.001132126571629804,0.0011590617459357158,0.0010461248467020761,0.0010078901083358243,0.0013107494272845176,0.001237090030873109,0.001203496448998869,0.0015057738521862968,0.0015647671750655663,0.00199203905702257,0.0012561751060851559,0.0016971104905447716,0.001174476945038302,0.0012086304639366183,0.0013973498469720092,0.0015346358156509419,0.0021908798965047196,0.001401089176897014,0.001468244680984413,0.0017827940601108355,0.0017963865260565098,0.001591749699304699
      Inventories,NaN,NaN,NaN,0.007315443661950869,NaN,0.011625727301966503,0.018599684257232758,0.030124116085075942,NaN,NaN,NaN,NaN,NaN,0.00976844412174841,0.01053651973383343,0.009476051894772288,0.00923089967748321,0.009488126899157052,0.010392667760093628,0.010471086156671748,0.011525273147062816,0.01693366915550143,0.017182889943424418,0.019415974415019084,0.018074465703654757,0.014620628308473204,0.019671757483914323,0.018544000663183124,0.018644991074896675,0.022575323257480684,0.03417084433957091,0.03225056597322024,0.023395522441680482,0.029153000346245617,0.019151116443928598,0.018413568542327577,0.018275862623793795,0.018711220089615028,0.018560282661548706,0.018783680534534657,0.018772379902967033,0.019516370642076356,0.019274112127297727,0.0199011917595397,0.018171452882365453,0.020494045622137084,0.0195035527169019,0.020001947908343604
      U.S. Government obligations,NaN,NaN,NaN,NaN,NaN,NaN,NaN,NaN,NaN,NaN,NaN,NaN,NaN,NaN,NaN,NaN,0.006918292715206193,0.006959832536006246,0.005487832065015406,0.007980033856458058,0.005905827927069332,0.006991332225624734,0.009725116326896065,0.01056531705318556,0.008227659728224146,0.007106397922846581,0.014773265441489922,0.010469220726888233,0.004561384111133902,0.006082899545853239,0.005356234130061844,0.005055233065445012,0.005379609814077821,0.007991770200696526,0.010149710869551853,0.008655253106674204,0.010458984231267563,0.011920516280022666,0.010437687562760346,0.009931764676083298,0.007557169467820722,0.008077009555960189,0.00703536341999445,0.006396788209589652,0.004484986663405754,0.0055943955075959005,0.00608935335583079,0.003393894954651794
      Federal and State Government Obligations,NaN,NaN,NaN,NaN,NaN,NaN,NaN,NaN,NaN,NaN,NaN,NaN,NaN,0.002609985642912224,0.0027910978839261343,0.0037305557269789224,NaN,NaN,NaN,NaN,NaN,NaN,NaN,NaN,NaN,NaN,NaN,NaN,NaN,NaN,NaN,NaN,NaN,NaN,NaN,NaN,NaN,NaN,NaN,NaN,NaN,NaN,NaN,NaN,NaN,NaN,NaN,
      Tax-exempt securities,NaN,NaN,NaN,NaN,NaN,NaN,NaN,NaN,NaN,NaN,NaN,NaN,NaN,NaN,0.00035042842607921896,0.0006211860723135313,0.0008490601609677226,0.0009971067401987662,0.0027296452505548175,0.0026934734925560255,0.002615710935005849,0.002608835962097439,0.002717206494347105,0.003103079428835427,0.0024034827744743837,0.0025639286965737427,0.0031655087649898237,0.004337750894217534,0.004089114079841486,0.004442113967885921,0.0034582634958272352,0.00326392154424464,0.0036522231099302845,0.0060087293300370714,0.0035298826839245873,0.0024320195048551825,0.0030083177069965047,0.003469988132130181,0.0028583474377191966,0.002576338224973021,0.0020108725221875965,0.0023798307389138146,0.0021589635318029652,0.0020095746059015955,0.0015625666261002446,0.001998353986551101,0.0016640445391474079,0.000992092110825361
Government obligations: ,NaN,NaN,NaN,NaN,NaN,NaN,NaN,0.012794967026926639,NaN,NaN,NaN,NaN,NaN,NaN,NaN,NaN,NaN,NaN,NaN,NaN,NaN,NaN,NaN,NaN,NaN,NaN,NaN,NaN,NaN,NaN,NaN,NaN,NaN,NaN,NaN,NaN,NaN,NaN,NaN,NaN,NaN,NaN,NaN,NaN,NaN,NaN,NaN,
       United States and instrumentalities,NaN,NaN,NaN,0.0025404144158931857,NaN,0.0047041525464362076,0.007590797872556041,NaN,NaN,NaN,NaN,NaN,NaN,NaN,NaN,NaN,NaN,NaN,NaN,NaN,NaN,NaN,NaN,NaN,NaN,NaN,NaN,NaN,NaN,NaN,NaN,NaN,NaN,NaN,NaN,NaN,NaN,NaN,NaN,NaN,NaN,NaN,NaN,NaN,NaN,NaN,NaN,
       State and local,NaN,NaN,NaN,0.0004995486050130146,NaN,0.0004711320834618051,0.0008199720552372108,NaN,NaN,NaN,NaN,NaN,NaN,NaN,NaN,NaN,NaN,NaN,NaN,NaN,NaN,NaN,NaN,NaN,NaN,NaN,NaN,NaN,NaN,NaN,NaN,NaN,NaN,NaN,NaN,NaN,NaN,NaN,NaN,NaN,NaN,NaN,NaN,NaN,NaN,NaN,NaN,
      Other current assets,NaN,NaN,NaN,0.0063342104670056415,NaN,0.016300358694393006,0.01683287179677466,0.01450070384225799,NaN,NaN,NaN,NaN,NaN,0.01852211006795077,0.020969412646811708,0.0197060817246741,0.022528392958315747,0.023157592863057328,0.028621549366273587,0.02879477445220657,0.033843264353318414,0.04128188376194488,0.0493179180959789,0.07704142056493031,0.08576195752707978,0.08149072222755506,0.11902371580833702,0.12391756317166963,0.13448849888054326,0.16600090487211633,0.22682778517726207,0.21408088069826658,0.2516888858597502,0.21269435868798234,0.1762648247863475,0.1475131026566534,0.15272070199667534,0.13583940194303298,0.14137019384819915,0.1400079291745669,0.1373037110811418,0.14228414521247718,0.1408498416436953,0.1382396077344311,0.1296625152240146,0.15165671936663663,0.15400854025254107,0.15132152930763051
        Loans to partners,NaN,NaN,NaN,NaN,NaN,NaN,NaN,NaN,NaN,NaN,NaN,NaN,NaN,NaN,NaN,NaN,NaN,NaN,NaN,NaN,NaN,NaN,NaN,NaN,NaN,NaN,NaN,NaN,NaN,NaN,NaN,NaN,NaN,NaN,NaN,NaN,0.003173152205435324,0.0042755260407149765,0.004373326008195284,0.0053876514938717545,0.006290964988885772,0.007293143924675429,0.007505644728953582,0.006292927761874268,0.004712685832327993,0.00807684160970796,0.008302483536274777,0.00879162159147704
      Mortgage and real estate loans,NaN,NaN,NaN,0.0048807891991789415,NaN,0.008219332399353657,0.009033726416344538,0.009611149507340325,NaN,NaN,NaN,NaN,NaN,0.011728139815653313,0.009026095171919922,0.007675469685119125,0.0064583434351570095,0.005899095091396489,0.005457344902916196,0.005256609776326717,0.004893077900857737,0.0050736758344541305,0.004994715275407249,0.005658994328143225,0.004976185141330671,0.005890398764914712,0.006726862748748361,0.007065573969989134,0.009238919211448572,0.008771257987512028,0.012718519322930699,0.012003784349889541,0.008802209140273319,0.0073891774344269434,0.005643270817851582,0.0066698964334505,0.00609628319255741,0.0055328228734272305,0.00497723326716105,0.005060064897265117,0.005351259924900871,0.005874775224963816,0.005881162304785076,0.006413789818186184,0.005842286312031273,0.007913509300766619,0.008460083087309112,0.006567026515917679
      Other investments,NaN,NaN,NaN,0.013527959911532536,NaN,0.02000321911506184,0.01817093825741548,0.020970443111093435,NaN,NaN,NaN,NaN,NaN,0.028814757856390164,0.03362484499023323,0.033414395828777574,0.045516442737721145,0.05029688879100695,0.06527722164378844,0.07103534261824374,0.09762588509125103,0.1267239979774863,0.16009420286813766,0.17456752067265618,0.20515420511646973,0.2219619901644257,0.27255939942518986,0.27169100909241634,0.30357192516006265,0.3532765998842942,0.5384705513690758,0.50821044598697,0.6144076705161754,0.4822910428005353,0.5576490194443775,0.6018723495446965,0.5993514159730436,0.6471008298895593,0.7091234082175466,0.7468725400153043,0.7500962343356954,0.7610696582855767,0.8519931537680153,0.8669203727288765,0.9278562050330404,1.1239099467277178,1.2447018435536736,1.1460270771618417
      Buildings and other depreciable assets,NaN,NaN,NaN,0.09319181076365486,NaN,0.11553188369328182,0.11451994283827366,0.12879521255677318,NaN,NaN,NaN,NaN,NaN,0.17825638325136287,0.17766235504947195,0.17318447399559694,0.17460339950657092,0.1701751729629511,0.16627811527173564,0.1621509385725946,0.16625174950119434,0.17051788477865193,0.18009957747851602,0.19319280131111552,0.20358620986106363,0.21360579622263376,0.22841197044508615,0.24335843053248263,0.2410377698152569,0.24133042475540215,0.27396743917589406,0.25857145594217773,0.2757199793315402,0.30646516582213157,0.314603523937277,0.31733557769497994,0.31947423442915557,0.3269091527792902,0.3339143761540928,0.3441727363790538,0.3560488896458648,0.37209888096796834,0.38840409436989465,0.38458020946029814,0.36376671368620456,0.42703319816006163,0.40604657386553666,0.398005348764714
            Less: Accumulated depreciation,NaN,NaN,NaN,0.025694020111422057,NaN,0.03183775387104011,0.031938868258934015,0.0358328946593221,NaN,NaN,NaN,NaN,NaN,0.05950777780621102,0.0589432079311115,0.05891425345421811,0.0615275854078406,0.06267542180016432,0.0644896909102918,0.06437506223210007,0.06588483522168072,0.06542702587673022,0.065823208766324,0.06594511452675256,0.06712811026529274,0.0685283421481244,0.07281865272390317,0.0794372906736762,0.07994819643083154,0.0785706166946982,0.08299534557227718,0.07833130610557658,0.07778742589932948,0.08618155565705353,0.0949114106876284,0.10050744426313267,0.105586146928678,0.1072430426535794,0.10889464946412417,0.11174935612158424,0.11431353036583346,0.11947710303153224,0.12402085676486896,0.12414505906998063,0.11700693166781662,0.14223308512295113,0.13318666523080827,0.1305418201167747
      Depletable assets,NaN,NaN,NaN,0.0018759048630314946,NaN,0.0027909717086753365,0.00330442080409948,0.004727923322913019,NaN,NaN,NaN,NaN,NaN,0.005415909631700022,0.00482843813257988,0.00430910757815005,0.004243807981287823,0.004044943144722649,0.003897190648939522,0.0036350787870737273,0.004653298688216066,0.004365898719231544,0.004409807833283902,0.004772227774211926,0.004622372334332727,0.005223569674309274,0.0053685038899807394,0.005750454657415774,0.00548255742398387,0.005960060229859617,0.007120363777002526,0.0067202249807337125,0.006439126563433988,0.008800405718076445,0.009294440618350502,0.011765106863452657,0.013604882955681546,0.015130158539729063,0.01793160786207525,0.019850853963093655,0.0189790780758413,0.019468427745451416,0.02039666666020807,0.020148963068118555,0.019054558773540294,0.01853642256211743,0.014898603683904062,0.015001583097719276
            Less: Accumulated depletion,NaN,NaN,NaN,0.0003469579634963274,NaN,0.00038753133632472815,0.00043754445297082263,0.0006453729586406319,NaN,NaN,NaN,NaN,NaN,0.0012790920087280705,0.0013119959302181304,0.0011124509151548244,0.0011573419459059724,0.0012214971733779609,0.0012259296741487535,0.0012084090593470556,0.0018908759960569385,0.0016968761279713101,0.0017411809336743164,0.0020017097332981565,0.001512798130902449,0.0015598463440273645,0.0016237131245163334,0.0018037428123136856,0.0017742204609630383,0.002020911099404479,0.0019149939217882818,0.0018073781613124832,0.0014940156393833232,0.002091793207004913,0.00236735967584623,0.002957350439442006,0.002965216966547887,0.0036669110377341657,0.004141146954776652,0.00499058492158569,0.007065980964545596,0.006960223373540734,0.007211687864972352,0.006572796496756762,0.007022595933459926,0.007858593110425074,0.00580439545479164,0.005460444933093233
      Land,NaN,NaN,NaN,0.019749321631791814,NaN,0.024583024505242173,0.02380183041002594,0.026263711017650935,NaN,NaN,NaN,NaN,NaN,0.038245205423992415,0.037906850740395424,0.03601406154203219,0.03456407960924495,0.032637646547481435,0.030108503987499414,0.0285512589409757,0.028950275853303557,0.02877485958963583,0.029917941389338124,0.03212812164253123,0.03388700378313252,0.034984611868244045,0.03705279954155807,0.038720216599561465,0.03969512353303161,0.04169601846446599,0.0560521736116112,0.05290224335809788,0.05666088153371634,0.05989137081984923,0.06158096567725512,0.060664702922213085,0.059129482480852875,0.0588898255626164,0.059275534052739456,0.060713541034264955,0.06246970533345716,0.0637880617687516,0.06662405590181002,0.06578182642222918,0.062157416658936857,0.07154430737074287,0.06802359109731264,0.06899239159712749
      Intangible assets,NaN,NaN,NaN,0.0013739455578948621,NaN,0.002355544223984332,0.003244222010258054,0.003833076488977026,NaN,NaN,NaN,NaN,NaN,0.011953876661959904,0.012155964109345255,0.011769696824359768,0.011516649781126702,0.012774396897578909,0.01320904420301699,0.013412056642600843,0.014774565630362987,0.01636128947388631,0.0179168683559132,0.02129386801035484,0.024887672237605143,0.030059323758417755,0.033371511848170596,0.03327213483479164,0.034253226173902036,0.03580953510118034,0.04541529367184191,0.04286311775623222,0.04555221224924742,0.050356253023894196,0.04992042356206806,0.04826436564998365,0.05128741871975749,0.05431950452720166,0.055438553582221765,0.058117477668564385,0.06360426480016228,0.06991917043168452,0.07555669682933527,0.07636951967117785,0.0717981092556159,0.08219834897141236,0.08397827671281434,0.08946360544815594
            Less: Accumulated amoritization,NaN,NaN,NaN,0.0004512193618044573,NaN,0.0007593653744592373,0.0010978565599878518,0.0011536963008132392,NaN,NaN,NaN,NaN,NaN,0.004645602602379709,0.004887820433282875,0.004728381202935901,0.004852914253663735,0.005139696674721988,0.0053784242433432446,0.005424705882998712,0.005473745145292077,0.005602978253022808,0.005757038838120713,0.0057575491152475,0.0057427433545990045,0.006504104789486869,0.007626438903530727,0.00829506534293558,0.007771070794181443,0.0074949970516966415,0.008214549638294445,0.007752921537947403,0.008212975365594628,0.009617197642063277,0.010231314649946019,0.010607035391323433,0.010932790191523803,0.011480805920030614,0.011485199088212248,0.012013653573137602,0.01256177700608018,0.013452522274365214,0.014232890589698136,0.014995564402051149,0.01446677847734506,0.018765068819446163,0.017629799779942758,0.020166236774799274
      Other assets,NaN,NaN,NaN,0.009045701244132185,NaN,0.01435000194238841,0.022787087224641032,0.020502799668280506,NaN,NaN,NaN,NaN,NaN,0.03705983915020096,0.04817590940835723,0.02355891506225575,0.02229758226890018,0.019960296469793616,0.02086690425787691,0.021877872213827025,0.02487176502788246,0.028389314319788552,0.03512454567457009,0.04041788563092469,0.04314335763082624,0.045252071417366896,0.055892323129365165,0.05899629576357009,0.05826201650598571,0.062258229056814676,0.0853099062005122,0.08051579676369792,0.08456466804309011,0.09414857803004524,0.0862205714340181,0.08778316524099887,0.08496276743728674,0.08090210926930466,0.08363342472576495,0.08783318997159155,0.08955862035453475,0.09308793132943502,0.09486395899837763,0.09968423271378388,0.09825289696156664,0.1304376963278284,0.13753911478486675,0.1274981996662856
Total liabilities and capital,NaN,NaN,NaN,0.1504066722260045,NaN,0.20911435943005074,0.2230194656070814,0.2527914928244575,NaN,NaN,NaN,NaN,NaN,0.301768914097713,0.3174690907511725,0.28260653272837283,0.2625095862720641,0.29252282178485833,0.30885031987039846,0.31496334440108703,0.35585563635663947,0.4172073511337993,0.4863274314163295,0.5656682692588849,0.6228684196482006,0.6530264543234618,0.7964726827216474,0.8112793927006668,0.8445070443287406,0.9501114772980641,1.3149793942065604,1.2410822888907402,1.4084436120530919,1.3039934863981804,1.298385231053289,1.317047296456349,1.3188982438288042,1.3544339546584618,1.4314068998274536,1.4839123425770515,1.4958315610385537,1.5394936028685695,1.6522257465314019,1.6628170374907365,1.6735540456347642,2.0202260970042922,2.142492144091341,2.016154635029327
       Accounts payable,NaN,NaN,NaN,0.008905865753472424,NaN,0.011863985214049452,0.009071430954577756,0.011141476929315814,NaN,NaN,NaN,NaN,NaN,0.009335024304689563,0.009163226436565643,0.010464598540635611,0.010244689742615005,0.012167625488721655,0.011629993705674909,0.011123182918736266,0.01185954734900322,0.015018119755901125,0.01858467614069842,0.02104086786702192,0.02531042421420778,0.022426526141181815,0.034185495952581045,0.03169067429839654,0.024052860353774512,0.02753444857559787,0.03874563448960852,0.03656826939550795,0.02971035774757728,0.0347470017661641,0.030694018061941556,0.032724250515201336,0.03233985494109771,0.03131641765058014,0.03160261039200843,0.030520372057511135,0.028919578930199526,0.030994664692147206,0.03153035727633886,0.030082702668736586,0.026285141649607692,0.03468605198687213,0.03185180786444373,0.03242222233651207
"       Mortgages, notes, bonds payable in less than one year",NaN,NaN,NaN,0.011826271826106407,NaN,0.01679967850846969,0.01736551356842647,0.02191460196800695,NaN,NaN,NaN,NaN,NaN,0.016528910492208636,0.015409393822298008,0.014685359937643633,0.01896000083791684,0.01758169812648967,0.019121826611100085,0.017241665427056293,0.016225834251884452,0.015593608643595377,0.014782107762214674,0.02536984284246278,0.0240685662139561,0.024605202619229903,0.02733420702406905,0.025865318834803353,0.023879133152067175,0.024256808026980988,0.034942428433284656,0.032978789820161766,0.03901159274263194,0.03938378137859379,0.029852468426897042,0.031956748006225805,0.025230542614450045,0.02006028502575063,0.018146827412137294,0.018634108558213253,0.01920000979501579,0.02164380728589385,0.02205433741880396,0.0219056630847138,0.020885849672483477,0.022657013304292935,0.020784226350853686,0.018500474157859333
       Other current liabilities,NaN,NaN,NaN,0.0071458318361251215,NaN,0.021525729296851894,0.033157072204564896,0.038862773039806044,NaN,NaN,NaN,NaN,NaN,0.01648646923729451,0.019509456925187626,0.020774236543675616,0.02741190400525874,0.031788799396103906,0.039801347630019655,0.03986941523507678,0.05563921563391677,0.08216512385171437,0.09788498338453676,0.10273407374329638,0.09993290401209738,0.09012757576076837,0.1488757440160485,0.14143794424943004,0.15377479149300177,0.19330378877444546,0.28433131488081664,0.2683529191638167,0.2844551004723706,0.24451857600294438,0.1937724042166679,0.17547324425038763,0.1760103819091251,0.17266753580817487,0.1905560405938551,0.19579610779970033,0.1910895528449574,0.2088199031285069,0.22014016666851927,0.2405135272569682,0.24943730031900677,0.27352376897407804,0.2705896431477416,0.2563792957746371
       All nonrecourse loans,NaN,NaN,NaN,0.035612753705032196,NaN,0.04161624214688866,0.04307219770498725,0.04620774845541988,NaN,NaN,NaN,NaN,NaN,0.08343763909741699,0.08171617082448535,0.07884094548110862,0.07700741962372012,0.0729434391864089,0.06965162011437097,0.06357854651612765,0.06096335664954437,0.058737863864809677,0.05740152901433882,0.05775285543115347,0.06044456219866077,0.0623763535328231,0.06613949176941179,0.07047949201343788,0.06979468936712507,0.06993967249113463,0.08455831981064478,0.07980644682167955,0.08360389901278327,0.08688365016545178,0.08852383760898468,0.08142120939697471,0.0777273035844462,0.07459043058403578,0.07256410039807039,0.07123707810558959,0.06940116793538176,0.0700657624951522,0.07026527946876883,0.07078117708717191,0.0691474641900815,0.07613898105012046,0.07281479062002319,0.07096771988255132
        Loans from partners,NaN,NaN,NaN,NaN,NaN,NaN,NaN,NaN,NaN,NaN,NaN,NaN,NaN,NaN,NaN,NaN,NaN,NaN,NaN,NaN,NaN,NaN,NaN,NaN,NaN,NaN,NaN,NaN,NaN,NaN,NaN,NaN,NaN,NaN,NaN,NaN,0.008917526980591717,0.011043465565643347,0.011933702504809787,0.014747339781185267,0.01604380460058555,0.01712510922012774,0.017197494587780544,0.014695511624515965,0.013380236854422627,0.019494431394843418,0.017989332808444197,0.017475498965365596
"       Mortgages, notes, bonds payable in one year or more",NaN,NaN,NaN,0.048878500543672626,NaN,0.06231196227776714,0.06127422037947129,0.07064392460170184,NaN,NaN,NaN,NaN,NaN,0.09044266827946784,0.09077733985869207,0.0832995366202795,0.0797074390614422,0.07459353158208169,0.0712676190435921,0.06975314220645523,0.0712397072207477,0.07519714591207714,0.08228092712233047,0.0975913388739947,0.10265290153680154,0.11044641170888324,0.12156503204661456,0.12581788687603782,0.12126132833469355,0.12651606645256408,0.17079235047986469,0.16119443558769833,0.17657240372336266,0.18734645753629925,0.18906816296678278,0.17894529366825146,0.16407240201306023,0.16647017054910276,0.16095498481903842,0.16999433716387274,0.17610636955337405,0.1849090489809764,0.19602094018275043,0.19673601956883727,0.1919990099341773,0.22363457046482804,0.2213647723381177,0.22740280308892696
       Other liabilities,NaN,NaN,NaN,0.012248322524375967,NaN,0.0169294843011269,0.016922160022275985,0.021060527742629693,NaN,NaN,NaN,NaN,NaN,0.03452891984971464,0.03782932884050213,0.02158524563552381,0.023797371734174455,0.022234306807005232,0.024674980998195102,0.026495985720786316,0.031002972741643736,0.030120089724892055,0.03894588887365533,0.0431786800947211,0.04613333932775782,0.05052183085044199,0.058823816054709877,0.059643973780842865,0.07013452107764621,0.0698556415891175,0.10370530570249073,0.09787744107505271,0.10792981808770734,0.09550605313712478,0.09559077327104509,0.09714475581087903,0.0887182135564893,0.09461635083613419,0.09719923986487987,0.10250018190452619,0.10153367165128388,0.105739821183964,0.11201404933545624,0.11978097884464156,0.1225302608423721,0.14979987392914274,0.16748655027081455,0.15696551946614906
       Partners' capital accounts,NaN,NaN,NaN,0.02578912646246235,NaN,0.038067278034876896,0.04215687077277777,0.04296043978851537,NaN,NaN,NaN,NaN,NaN,0.05100928302789033,0.06306417386618643,0.05295660996950602,0.057891284836676854,0.061213421044680735,0.0727029317674456,0.08690140637684851,0.10892500264079356,0.14037539925694173,0.17644731923513843,0.2180006104062346,0.2643257221447193,0.2925225538076854,0.33954889585821263,0.3563441024647208,0.38160972063771936,0.43870505138822363,0.5979040405632341,0.5643039871715874,0.6871604402666588,0.6156079664116022,0.6708835664319001,0.7193817946755297,0.7458820181654403,0.7836692985775168,0.848449393783415,0.8804828171496611,0.893537405673096,0.9001954858818012,0.9830031215929838,0.9683214573067404,0.9798887821261875,1.2202914058533312,1.3396110206909022,1.2360411013957067
Income and deductions from a trade or business: ,NaN,NaN,NaN,NaN,NaN,NaN,NaN,NaN,NaN,NaN,NaN,NaN,NaN,NaN,NaN,NaN,NaN,NaN,NaN,NaN,NaN,NaN,NaN,NaN,NaN,NaN,NaN,NaN,NaN,NaN,NaN,NaN,NaN,NaN,NaN,NaN,NaN,NaN,NaN,NaN,NaN,NaN,NaN,NaN,NaN,NaN,NaN,
   Total income,NaN,NaN,NaN,NaN,NaN,NaN,NaN,NaN,NaN,NaN,NaN,NaN,NaN,0.09517502126445496,0.08955337742263692,0.08703376708662411,0.08370417719407956,0.08458929605831118,0.08838453033647448,0.0965835894432402,0.10664016448707936,0.12418739454203714,0.14570466165637935,0.1627396046946551,0.18221794948735212,0.21643256840925604,0.2327044329063255,0.2362553896438758,0.2376106063396602,0.24733034167578224,0.27253131124562346,0.28322402948901976,0.2931992662406589,0.3182824945148438,0.2684321686727931,0.28446674134729877,0.30691130655321514,0.3126262934532302,0.32281634007344373,0.31821460446300454,0.2894413066201243,0.2837665079333257,0.30339809638966797,0.311414292952403,0.2740991976223564,0.3060671458775209,0.32759891707896666,0.3535954741068127
Receipts and deductions from trade or business: [1],NaN,NaN,NaN,NaN,NaN,NaN,NaN,NaN,NaN,NaN,NaN,NaN,NaN,NaN,NaN,NaN,NaN,NaN,NaN,NaN,NaN,NaN,NaN,NaN,NaN,NaN,NaN,NaN,NaN,NaN,NaN,NaN,NaN,NaN,NaN,NaN,NaN,NaN,NaN,NaN,NaN,NaN,NaN,NaN,NaN,NaN,NaN,
Total Receipts,0.0880866381704833,NaN,NaN,0.09320981553402599,NaN,0.10219346958517234,0.08485385967937423,0.08872877535035853,0.08016391215501874,0.09292433697830872,0.08460914768197772,0.08675426994008906,0.09120136471814327,NaN,NaN,NaN,NaN,NaN,NaN,NaN,NaN,NaN,NaN,NaN,NaN,NaN,NaN,NaN,NaN,NaN,NaN,NaN,NaN,NaN,NaN,NaN,NaN,NaN,NaN,NaN,NaN,NaN,NaN,NaN,NaN,NaN,NaN,
     Business receipts,0.08457798248446202,NaN,NaN,0.08833617721388723,NaN,0.09488264054230085,0.07172572349402455,0.07524666987061683,0.06693611073962352,0.07884420324582866,0.06977064742650287,0.07149673128686569,0.08474539768063824,0.08860145388907498,0.08241517748573982,0.08106755496764793,0.07845960924170312,0.07895723680729509,0.08179547919614018,0.0900421781317361,0.09956056082470773,0.11344364720364687,0.13313395302062872,0.14969472560242583,0.16776382407042467,0.2011290497702067,0.21529160949766343,0.22089516299042886,0.2221990464760026,0.23072899239727349,0.25155361921443475,0.2584966208085464,0.26578508076562013,0.2941037040833557,0.24604631723281845,0.26223879014718016,0.2855541913155944,0.28852661066803986,0.3002826011246109,0.2944951011288076,0.2665979472336159,0.2615628397749035,0.27837967704838573,0.2858313827462482,0.25057754843991975,0.2761197313382687,0.2957146731732688,0.32008165789752246
     Ordinary income from other partnerships and fiduciaries,0.00023258713849572438,NaN,NaN,0.00035274211291976226,NaN,0.0004470338679042889,0.0005807655717529024,0.0005910994982039836,0.0009772269855185885,0.0010245372699166561,0.0011280653812797896,0.0010298587375271065,0.000805263824568016,0.0009471688579144831,0.0011528511516277354,0.001008652818043636,0.0008803045535421554,0.0010966143262446807,0.0013968835144525257,0.0013312251723424354,0.0016360698499387873,0.002522383038432963,0.0026684675301298084,0.0027540616786149385,0.003345048349255937,0.00335540962439391,0.0035102832385286273,0.0029618950604203016,0.0033920491949949593,0.003987104815212918,0.005718350294117038,0.006298083692885056,0.007074573303667733,0.006406032297390457,0.006056832448696363,0.006282806246353987,0.006283247366044494,0.007541828058006752,0.007571887405266718,0.00824741395143541,0.007610229757072129,0.007794149805425848,0.008227335754219512,0.008585604949063047,0.008150571759994972,0.009678392953056383,0.01227702939161401,0.014143298764664101
     Nonqualifying dividends and interest received,0.001482463095820296,NaN,NaN,0.0018784397339852586,NaN,0.003868399160468231,0.005151525346885182,0.004563625575656837,0.0041293060226667965,0.004124022039754677,0.004738203618869785,0.004741865447237998,NaN,NaN,NaN,NaN,NaN,NaN,NaN,NaN,NaN,NaN,NaN,NaN,NaN,NaN,NaN,NaN,NaN,NaN,NaN,NaN,NaN,NaN,NaN,NaN,NaN,NaN,NaN,NaN,NaN,NaN,NaN,NaN,NaN,NaN,NaN,
     Rents received,0.0003853887224435339,NaN,NaN,0.0003890701603462155,NaN,0.0004128422322137593,0.003807730241053981,0.004400710690776242,0.004522656890214137,0.004733704295087221,0.005072893185240122,0.00504332466960766,NaN,NaN,NaN,NaN,NaN,NaN,NaN,NaN,NaN,NaN,NaN,NaN,NaN,NaN,NaN,NaN,NaN,NaN,NaN,NaN,NaN,NaN,NaN,NaN,NaN,NaN,NaN,NaN,NaN,NaN,NaN,NaN,NaN,NaN,NaN,
     Royalties ,0.00016584505704776058,NaN,NaN,0.0001744834046961238,NaN,0.0002529049206123108,0.00022221948518899508,0.0003642009110024586,0.00026817908893632923,0.0002822425031819543,0.0002829716391805538,0.00027924869929476853,NaN,NaN,NaN,NaN,NaN,NaN,NaN,NaN,NaN,NaN,NaN,NaN,NaN,NaN,NaN,NaN,NaN,NaN,NaN,NaN,NaN,NaN,NaN,NaN,NaN,NaN,NaN,NaN,NaN,NaN,NaN,NaN,NaN,NaN,NaN,
     Farm net profit,1.3857762816160445e-5,NaN,NaN,1.2906962454057856e-5,NaN,6.8946039050056574e-6,0.0005980986834904823,0.0005221663209012291,0.0004669731026477984,0.0003931347556093167,0.00042793039560689276,0.00038060293503996284,0.0013391524371217341,0.0004886879210638988,0.00043480053460200866,0.0003747605290095292,0.0004540504104412233,0.00039291664359778275,0.00037831489092679673,0.00034775818979925995,0.00033146062782952687,0.0003675164329239667,0.0003783476917423526,0.00031525021414423353,0.0003645207457617827,0.00026905783970113215,0.0002910934291847923,0.0002646255302811538,0.00029974590732731346,0.000290188354185363,0.00035871932911206114,0.0003558756803820729,0.00033968167421433463,0.000505504587652884,0.0004673815917553082,0.0003913283506227768,0.0005522281408424196,0.000666899102188573,0.0005666863123962461,0.0006305966025482081,NaN,NaN,NaN,NaN,NaN,NaN,NaN,
"     Net gain, noncapital assets",0.00021340444322050396,NaN,NaN,0.0004071382918601343,NaN,0.00038554870022717197,0.0006116735021473065,0.00038428321882750377,0.0004689626250468487,0.0007164502888216379,0.0005132541549521212,0.0007278435751701392,0.0005497573227962099,0.0010803007693397687,0.0005240216393279897,0.0006511610318315305,0.0003284960415736663,0.0003142291789966976,0.0005008476270306926,0.0004119818542997647,0.00041839882435928196,0.0005690060177462944,0.0005706686476514511,0.0007148587464581929,0.0006906307975810213,0.0006990550731288177,0.0006297960419125851,0.0006387047323532717,0.0006453534035412365,0.0008524084413477528,0.0010394837197413307,0.0010971652806834138,0.0010472391342736898,0.0011980999551654578,0.0009070523710105776,0.001457361769120294,0.0013681519015839503,0.001723674339253733,0.0014755923086761358,0.0015244032049271763,0.0015528737630717956,0.001563637226080227,0.002158091672172621,0.002399345320382198,0.00205817312196454,0.0028727665381334637,0.003200612459640191,0.002874548976238911
     Other income,NaN,NaN,NaN,NaN,NaN,NaN,NaN,NaN,NaN,NaN,NaN,NaN,NaN,0.004057409827061831,0.005026526788594684,0.003931637740091468,0.0035817169468193993,0.0038286058352594893,0.004313005107924274,0.004450446095062655,0.004693674360244034,0.007284841973154871,0.008953224766227008,0.009260708453011905,0.01005392552432871,0.010979996101825469,0.012981650793536793,0.011495001330392197,0.011074411445081155,0.011471647667762718,0.0138611386882183,0.016976284098904837,0.01620378385638253,0.016069153591279323,0.014954585097582433,0.014096454834021542,0.013153487893253551,0.014167281285741268,0.012919572863254408,0.013317089632078076,0.013680255811704815,0.01284588112691614,0.014632991965879028,0.01459795993670956,0.013312904300477131,0.017396255048062293,0.01640660213874059,0.01649596846838721
     Other receipts,0.0009973042974555227,NaN,NaN,0.001658857653877213,NaN,0.001937205907520613,0.0021561236666447357,0.0026560192643734397,0.0023944967003647183,0.0028060428277796806,0.0026751818803455838,0.0030547948077039393,0.0037617934530190735,NaN,NaN,NaN,NaN,NaN,NaN,NaN,NaN,NaN,NaN,NaN,NaN,NaN,NaN,NaN,NaN,NaN,NaN,NaN,NaN,NaN,NaN,NaN,NaN,NaN,NaN,NaN,NaN,NaN,NaN,NaN,NaN,NaN,NaN,
   Total deductions,0.08349434685893084,NaN,NaN,0.08706641736112322,NaN,0.09930660583549475,0.08570663424633486,0.09091627282702347,0.08088213276801179,0.09379119172639874,0.0866565592965534,0.09054733994944134,0.08722556755982999,0.08879913311300544,0.08427316762325447,0.0827530083123936,0.07963989078500953,0.0787193820187239,0.08088760190004926,0.08885714213180415,0.09867415604884401,0.11305690846738102,0.13487798896468364,0.15294490940289315,0.1710582213670361,0.20480746607729702,0.22191078516969825,0.2247071005245808,0.22412598309249374,0.23042772981623608,0.24883528632936522,0.2573796321154163,0.2456676563337264,0.3107803325447455,0.2589134042548636,0.2675517286863002,0.2905166961201641,0.288495078310099,0.2998547836008768,0.2931936381916134,0.2686740920028561,0.26490313834475065,0.285095862289519,0.2931676423555647,0.26051335767132955,0.2912571166198938,0.29971932973792703,0.32106305654729717
      Cost of goods sold,0.03838369604440372,NaN,NaN,0.037088467464053185,NaN,0.039857693975481105,0.040549406446627904,0.043242893316534026,0.03448801168287178,0.0447932533405257,0.03372113923575108,0.03584736565020195,0.0488457996195843,0.04823709342113857,0.04126460495109526,0.04065777968803034,0.03840460308642447,0.03813092088786345,0.03973180109699428,0.04599064075871839,0.05174546768486766,0.06023170899684162,0.07288761233974449,0.08134731607181299,0.09367053334734339,0.11956244620011879,0.12645280987993776,0.13086279584756597,0.13292132405762694,0.1363771599473398,0.1515289907039521,0.15265130548598638,0.1457049578740918,0.18395791565283412,0.14191546958582246,0.15522650545342934,0.17511056286095172,0.1739603763880455,0.18285267130482813,0.17412359336347774,0.1473413963658633,0.14146455253475515,0.15357705701306265,0.16185050092668096,0.13362379016844117,0.15232514496534572,0.16214460513086157,0.1826453478451072
"       Inventory, beginning of year",0.004550754820452679,NaN,NaN,NaN,NaN,0.004639218326907119,0.0050330288886235005,0.007568637554582541,NaN,0.010273577730208417,0.005863708720415564,0.005422247993342695,0.005841514742395548,0.007107300611598953,0.0073211189064056525,0.007188836794818304,0.00708865793490198,0.0065906614806281955,0.006803141301255847,0.006395028650094494,0.007160221232399127,0.007481793784362481,0.008212356042842994,0.0096600126649363,0.009935172479527932,0.011003849983884423,0.012126728595514107,0.01604295904112211,0.012448392041164585,0.012657813134863352,0.014072885930015476,0.015614200356220943,0.014903681287872486,0.01883572879692444,0.018715136696079663,0.01659527272662031,0.016030844311940743,0.016144712399493784,0.015859980724713566,0.016606134901941363,0.01591359309328949,0.015946393211178377,0.016777168454457356,0.016176501206689453,0.01475273038761128,0.017972984121237986,0.015369636736956993,0.01602102529709325
       Purchases,0.02528852326304644,NaN,NaN,NaN,NaN,0.02465244616696771,0.028729571589511952,0.028743200303607674,NaN,0.02485596836546742,0.02118607234559098,0.02183808761011531,0.03459741412069291,0.033042390266054905,0.024285935677593865,0.023565022243299844,0.02177384591975907,0.023010255927348428,0.023790374771143617,0.028927776045677676,0.03358054826146775,0.039803707661051076,0.049786960312219616,0.05088315299757239,0.06074742907716735,0.07775260707493314,0.08387084112924968,0.0826773420118092,0.08620926639578579,0.0925368853049423,0.10186100792863241,0.10220561144614744,0.09755477860373624,0.12490132142060636,0.09595844438349402,0.1072431216725715,0.1266694186797568,0.12488169308790406,0.1336866437217025,0.12535232595292017,0.1030256896699588,0.09853098831140564,0.10628280624891712,0.11460632596513372,0.09039239146067996,0.10320186803626114,0.11662987535217693,0.12588063799371582
       Cost of labor,0.0027217194570135746,NaN,NaN,NaN,NaN,0.0024553003929924226,0.001819647145140957,0.002148420549263126,NaN,0.0019383311377291484,0.0020385224265892965,0.00213756370327653,0.002054502838700243,0.0022029742355395023,0.002371375926602122,0.002335176376756959,0.0023039871363526162,0.002273933807307517,0.0023632725183234554,0.002542563051340728,0.0026284185514471744,0.0028354373933652927,0.003356931791261656,0.003686708227695649,0.004370103243925038,0.004557057237220504,0.005011317218250094,0.005374274917953048,0.0055369929602974745,0.005523655346120337,0.006136149104887364,0.006620066920085819,0.006318822945168475,0.007687698842413017,0.006912231515436419,0.007007425491085071,0.0072975668428149915,0.007820859519243606,0.008115799402192436,0.008431815050518118,0.00843487541609003,0.008360780185475997,0.008544224377376786,0.008733231005654584,0.008475276581011071,0.009473968552740897,0.008947687786780928,0.009924694643336493
       Materials and supplies,0.0019712856044023872,NaN,NaN,NaN,NaN,0.001961243226576633,0.0019210864469771357,0.0019585607823938652,NaN,NaN,NaN,NaN,NaN,NaN,NaN,NaN,NaN,NaN,NaN,NaN,NaN,NaN,NaN,NaN,NaN,NaN,NaN,NaN,NaN,NaN,NaN,NaN,NaN,NaN,NaN,NaN,NaN,NaN,NaN,NaN,NaN,NaN,NaN,NaN,NaN,NaN,NaN,
       Additional inventory costs (Section 283A),NaN,NaN,NaN,NaN,NaN,NaN,NaN,NaN,NaN,NaN,NaN,NaN,0.00026064386438087706,0.00028594724123535883,0.00041262784539083025,0.00040522097068257954,0.00040276665201394776,0.00040081271997554724,0.0004531362929151736,0.000547915698078119,0.0005954410282327338,0.0006859703098751636,0.0008864715713760756,0.0008734895562825554,0.0009209789836584789,0.000831286011289488,0.0009920737513925864,0.0011288687969777588,0.001162159045777706,0.001455705138887843,0.0016750737794666343,0.001426401549612492,0.0013614936147199007,0.001140121823751637,0.0010155216162489095,0.0009338108233446659,0.0008101571873157821,0.0009782934876833168,0.0009454118059085642,0.0009458388501952904,0.0009237375484551286,0.0007757139849570163,0.0008988370038050996,0.0010977937905888872,0.0009749589391486028,0.0011542971996485098,0.0010027855933948265,0.0012277030087645897
       Other costs,0.008689686771471847,NaN,NaN,NaN,NaN,0.011290676500635038,0.010113993865373096,0.009614206817475624,NaN,0.017495010542119813,0.010919843815791688,0.012446421775029472,0.012619600367851888,0.012516028452929262,0.013628991700906484,0.013954211402575554,0.013201163535223118,0.012535787085525005,0.01303741835566334,0.014263546151105852,0.015429560447601093,0.017613590628260047,0.019946715566399365,0.02676923113420474,0.02923121194388388,0.03770469181789165,0.03725096841984103,0.03829074010431592,0.04081332018208084,0.03934408157158156,0.045101987415329337,0.04536865168845933,0.04330416606674981,0.050400809838304514,0.0366727938888527,0.040279122539341725,0.04129204565822028,0.04101992054864135,0.04128642851713998,0.03996590474245488,0.03548864032335796,0.03509127056317676,0.038816729894633424,0.038861447932458694,0.03447171571452567,0.03845407342247337,0.03794400948846702,0.04792240879101107
"       Less:  inventory, end of year",0.004838333222545617,NaN,NaN,NaN,NaN,0.005141190638597812,0.007067921488998738,0.006790132690788803,NaN,0.00976963715938105,0.006287008072636443,0.005996949535890556,0.006520666746992667,0.007849903694076012,0.007904441308994998,0.00759186580099357,0.006950845459716742,0.007094976371583818,0.007126580087741463,0.006964847714551855,0.007960122904561393,0.008659924252352435,0.009887876051348917,0.010997597546105145,0.012012029688598646,0.01262600166306505,0.013098248721948522,0.013023014687017458,0.013359554923209196,0.015286892835311802,0.017545248223491062,0.018756469270967427,0.01790296228579514,0.01928142443037044,0.017358658583359228,0.016832247799533934,0.01698946981909689,0.016885102654920613,0.01704159286682891,0.017178426134552102,0.01672314622903644,0.01724059377461624,0.017742709017116064,0.017624799022255253,0.015443282868110104,0.01793204632023317,0.017749389869063624,0.01833112188881401
     Salaries and wages,0.007412314885595856,NaN,NaN,0.007052841917350705,NaN,0.007817268847904688,0.006845143233279525,0.0069396971519434985,0.006806142368351679,0.007064229781308907,0.00780925743129893,0.007927419043149983,0.00837787039296921,0.008994404402381924,0.009580981746248392,0.009395231441669026,0.009403480018037947,0.009472108530753136,0.009531858514303077,0.009615339341281112,0.010509839786621261,0.011666023875274026,0.013430357869005049,0.015768933765296155,0.017641156237267905,0.019642160454950916,0.021817774339631273,0.02176595070704764,0.02137902622540141,0.02200232058158026,0.022487316358515023,0.024020070597093154,0.02292704515916151,0.027300821700297538,0.026913145587736262,0.02693599881347369,0.027923222142534242,0.028470733611542287,0.0297274259578241,0.030750191133213516,0.03157945400330003,0.032257344131291645,0.03350424130977903,0.033905765860999984,0.03305719605522419,0.03625530438640783,0.03675848639731396,0.03806807362411894
        Less: jobs credit,NaN,NaN,NaN,NaN,NaN,6.934851592775995e-6,2.8505404202814993e-5,4.66028209315839e-6,3.7093723290730586e-6,5.576314520485247e-6,3.8052730838291683e-6,8.98958889919297e-6,0.0005736320636676234,5.0803045887299726e-5,4.987751658223406e-5,4.401034085375097e-6,2.8913002634404054e-6,1.7068162378972711e-6,2.219854053890912e-6,NaN,NaN,NaN,NaN,NaN,NaN,NaN,NaN,NaN,NaN,NaN,NaN,NaN,NaN,NaN,NaN,NaN,NaN,NaN,NaN,NaN,NaN,NaN,NaN,NaN,NaN,NaN,NaN,
     Guaranteed payments to partners,0.0015723067901791438,NaN,NaN,0.0014885446030551979,NaN,0.0016610931202002445,0.0016253802180888862,0.001600184102525608,0.0016067404908809428,0.0018618681384273332,0.0017732826086505604,0.0015804288598797588,0.0014854571836674586,0.0015390658688215157,0.001727935082016031,0.0014806700961774526,0.001599352010976061,0.0015252991145996205,0.0015161075380411542,0.0014983298194267346,0.0016169656882706487,0.0016949072490171709,0.001810366640738523,0.0020157851581908805,0.002191053799059969,0.0023706634271626675,0.002529079527938621,0.0025754402829581335,0.0024852415887993227,0.002636711156962694,0.002815938742240032,0.003022628505796679,0.0028850847865599465,0.0035089764548917246,0.0033156183764034247,0.003323033382149517,0.0034308239397958886,0.0035600435462843846,0.003660272039940564,0.0038107479053151446,0.0036701909957021633,0.003735471575965281,0.003768305865429417,0.0033387738280743957,0.003196187396999682,0.0034640136894574626,0.00341767323923122,0.0031452972206765374
     Rent paid,0.0021523902845503365,NaN,NaN,0.0021918503112137743,NaN,0.002320936112220353,0.0015546028254705818,0.001702820961490094,0.001712794142493832,0.001865780350915256,0.0019675504306427847,0.0020698220009428706,0.0018502861356294211,0.0020202009457574023,0.002130301794887248,0.0021858687296499968,0.0022235351029509126,0.0021505314073972056,0.0021797438791442926,0.002145927070291123,0.00226863879952077,0.00239612667813022,0.0027358325545563584,0.003062744619029602,0.0032231692051600783,0.003505278631682209,0.003995189818415905,0.004080741264520398,0.004053825661526913,0.00412555368678705,0.004286728086093032,0.004515133237591204,0.004309673579827539,0.005052602116390796,0.005093167893200108,0.005206551597448091,0.00516703094642908,0.005077649891072766,0.005280573066859913,0.005236049831049711,0.005535886297795045,0.005529441215707831,0.005786354415248299,0.005706472475803761,0.00559997886720611,0.005895265330079169,0.005636347167800917,0.0055520551945233195
     Interest paid,0.00717969688480768,NaN,NaN,0.006813578335421983,NaN,0.009926264836085167,0.006107192892139514,0.0064349287589617644,0.006154108460065635,0.0063001550668674786,0.006608682134668087,0.006431150675676708,0.004109775777179796,0.004438596809510587,0.005804580454411707,0.00496683209394239,0.004542547419841319,0.003848162676503801,0.003937590972097783,0.004999467699413056,0.005599121253852712,0.0060931182509071456,0.006938966035997217,0.0080996964850995,0.00772788265021121,0.009048110653527595,0.009192878443996364,0.006233600216961897,0.005640478769601403,0.005275928208076551,0.007934027532523667,0.00990105375936723,0.009450509553946504,0.009652868252932899,0.00650084296474108,0.005705532491224815,0.005207210034121099,0.004987887451496465,0.004623909234004335,0.004707046196480286,0.0046731869477697726,0.005148108688404993,0.005660186705127273,0.005163721704086013,0.005280387467361858,0.00598644588578742,0.004768888095560732,0.004579270796335728
     Taxes and licenses,0.0034250722889850103,NaN,NaN,0.003131856239095186,NaN,0.003343408671171841,0.0015716468857117822,0.0015817298878607472,0.001626164888754603,0.0016527552293892456,0.0017851563697358296,0.001717656509880381,0.0014144504414325626,0.0015264798322829373,0.0015727989322140252,0.0015661865619881056,0.0016016358215295587,0.0015808977065107318,0.0015860448237013053,0.0015843657320827815,0.0017214587809102106,0.001825655799577908,0.0020894953478568243,0.0026275740754778563,0.0027926232653720648,0.003038284054007862,0.003272233257282297,0.0033320714737195387,0.0034058958054196545,0.0034471310765579926,0.0035965454774553986,0.003834332217467768,0.003659852186935289,0.004266515827974561,0.00425802622684368,0.004205495910650635,0.004415010975829585,0.0045034096900634125,0.004667377795080922,0.004735952035360013,0.004772658667367331,0.004739841231916362,0.004868799122093083,0.004800603548052344,0.00427287608689738,0.004901426512240938,0.005890379713596828,0.006189461413629079
     Bad debts,0.00015139913015815737,NaN,NaN,0.00011208671206272839,NaN,0.0001372827631052596,0.00012299749208070617,0.00016630535000862793,0.000174948363225701,0.0001627585407516768,0.00018398176160797276,0.0002369385219027472,0.00025130936529072347,0.00026683864107624307,0.0002931423466475704,0.0005846303560672021,0.0004407007388120645,0.00043824535180520853,0.000401649092761322,0.0003479059824602908,0.00046770109855703374,0.0006426860637062093,0.0006820623180133446,0.0008107748396552639,0.0008737847273415946,0.0009579683916186516,0.0011568650668512329,0.0012971392541825005,0.0010801234239227683,0.0010453235750658334,0.0011700705189130894,0.0008902255518279612,0.0008497161299379836,0.002181465608818823,0.002787371200865419,0.0021667552552264205,0.0009480127607320434,0.001536812852490807,0.0008848673954720907,0.0008534140293539271,0.0009394031238775975,0.0010156536220082486,0.001023571568208242,0.0010236028670081634,0.0010733154744511856,0.0012978207397600996,0.0008665258626267062,0.000938565852482021
     Repairs and maintenance,0.0013072709186992256,NaN,NaN,0.0014255402387907121,NaN,0.0017186921111382151,0.0005925646101811608,0.0005831866185336455,0.0005486087377182077,0.0005703827979551284,0.0005757160843599382,0.0005543328709234434,0.0005177620352548755,0.0005318949637138834,0.0005648339649530805,0.0005853217698583164,0.0005806086556484932,0.0005899523137413201,0.0006243600149827391,0.0006088016087306627,0.0006621349732824992,0.0007359087351832414,0.0008940189461981694,0.0009420547717117095,0.0010237197508257561,0.0011025375009072328,0.0011930590348886295,0.0012384440706414467,0.0012456243426192232,0.0012699714402551944,0.0013241247141215827,0.0014016855459519878,0.0013379023047032283,0.0015208719621077028,0.0015084342405654015,0.001561822067435707,0.0015944833539447984,0.0016746340740139178,0.0016855839304606337,0.0017357931315622355,0.0017949533148886043,0.00181450905941442,0.0018619959757500751,0.0018818927160804853,0.001741713433186713,0.0018600264015242653,0.001837810352468816,0.0018816407335760185
     Depreciation,0.005999649831681805,NaN,NaN,0.006174420043553344,NaN,0.007551232681682438,NaN,NaN,NaN,NaN,0.005203047306751196,0.005556423869084649,0.003976630695036162,0.0037810324499211105,0.003475022068285835,0.003258883233408417,0.0031000730903818353,0.0030325290434053383,0.0030169914700741074,0.0029930902471115247,0.0031416761205112892,0.0035435220723779473,0.004402554365161529,0.004698285422733351,0.005371136036195803,0.005747039299374341,0.006822897885631249,0.007584979121809392,0.007294121390133942,0.007385553690061123,0.005432403237714715,0.005690072434872998,0.005431147554121712,0.008784054177351149,0.008657903779558418,0.008642490971641848,0.011042983238429994,0.008418978871008129,0.009337204957879963,0.009536969894261392,0.009621916052669856,0.009968149600053986,0.011555746191815645,0.012618761895762092,0.012812455832135793,0.012979829879195506,0.010777617636949385,0.01040503966015386
     Amortization,9.83765247159482e-5,NaN,NaN,9.471342690654317e-5,NaN,0.0002041618209033891,0.0002923130698983892,NaN,NaN,NaN,NaN,NaN,NaN,NaN,NaN,NaN,NaN,NaN,NaN,NaN,NaN,NaN,NaN,NaN,NaN,NaN,NaN,NaN,NaN,NaN,NaN,NaN,NaN,NaN,NaN,NaN,NaN,NaN,NaN,NaN,NaN,NaN,NaN,NaN,NaN,NaN,NaN,
     Depletion,0.0002330898377593026,NaN,NaN,0.00010483505053370069,NaN,0.00012970044870922164,9.63087157289227e-5,0.00013932757120739377,0.00010330216690084144,6.873392769440756e-5,5.5795845059402226e-5,6.793516770237603e-5,5.9273791170936816e-5,6.0132861307629344e-5,5.534424753349239e-5,6.101781208033883e-5,4.960759997070539e-5,4.8702465382487716e-5,3.1240089937259414e-5,3.9934894382451727e-5,4.239798977688927e-5,4.6050462262306946e-5,4.4591743658330486e-5,3.558374840846946e-5,4.175182418089927e-5,4.0077936176074185e-5,4.288745464083155e-5,4.6120964309255614e-5,4.2986003517669085e-5,5.691265000577874e-5,6.25370565380675e-5,5.868561609017875e-5,5.601514636911896e-5,7.379628868570336e-5,4.8200633413286454e-5,7.555001601106149e-5,8.067561673495416e-5,8.01184572138376e-5,6.522875881266179e-5,5.1222962927709905e-5,NaN,NaN,NaN,NaN,NaN,NaN,NaN,
     Retirement plans etc.,0.00011284144378552131,NaN,NaN,0.00011074677272783327,NaN,0.00013472685994189633,0.00011192217374208812,0.00012365881938124684,0.0001245091548299715,0.00013129440587792836,0.00016208813179321679,0.00018602786993100536,0.00015325315150822364,0.00018444446396577216,0.0002290241386278312,0.00020010333475093005,0.00021784782358407885,0.00021222064476214154,0.0002292910216271377,0.00022812778397735437,0.00025171717028923333,0.0002740600228759085,0.00028586874203735517,0.0003319688569238461,0.0003691372140379177,0.00041880500464737327,0.0005176887881217121,0.0005896240571508672,0.00067583099476714,0.0006504485972067568,0.000645680865163706,0.0007020758371181296,0.000670128106314202,0.0009233359797132838,0.0009361890644655809,0.000718491981943483,0.000869186919365025,0.0007871655355583898,0.0007580016756431005,0.0007541897956501704,0.0007365927305131522,0.0007941905394616822,0.0008596109177894343,0.000757695537814799,0.0007047146557504087,0.0008399440924308784,0.0007313773345255734,0.0007257892594378869
     Employee benefit programs,0.00016938116355590585,NaN,NaN,0.00019518591392495065,NaN,0.00025069199774472954,0.0001604298167687909,0.0001801010769519249,0.00016516145400791076,0.00021579482729028264,0.00023492508260583884,0.00025936172586830687,0.0002610020359551534,0.0003337740273063483,0.000412985546602193,0.00044309914367320324,0.0004951562398254405,0.0005105866622946978,0.0005248652085664059,0.0005196142954612695,0.000564596166706524,0.0006152715145392328,0.00070804712113666,0.0008621664764940085,0.0009680950563441292,0.0010879282236420577,0.0013620458991928598,0.0015239055190963435,0.0015592995212303986,0.0015697742755375293,0.0015376838773123835,0.0016553943470934234,0.001580066170023023,0.0020283513820237454,0.0019193623016111197,0.001904977157574428,0.0019320786408381888,0.0019966429739934305,0.002058095161196973,0.0024700511774725983,0.0022412360435373146,0.0024214201363228854,0.00247226110694305,0.002413426736628771,0.0022828862159680542,0.002591557229119,0.002491584190861829,0.002479337709627938
     Ordinary loss from other partnerships and fiduciaries,0.0006825783546124883,NaN,NaN,0.0008339746700011354,NaN,0.0016458343468167755,0.0021788461700364917,0.0026219884089576226,0.0025384844627381444,0.002482034558537433,0.003048419685829316,0.003292109779150329,0.0011351526142508621,0.0011073913221162936,0.0012481276521825446,0.0014357513419095698,0.001187522703730305,0.0010829889359843456,0.0008750266637642106,0.0009573913895474224,0.0009285916330497245,0.001500682759408318,0.0018890466650624794,0.0021726195067162894,0.002239890326950863,0.002444050172120599,0.0033572662413440878,0.0024571536853693825,0.002102833076563857,0.0021283995934910107,0.001820996108886153,0.0022630609218590343,0.002160081076517518,0.00725626881280272,0.006115299024379428,0.004293039504162776,0.004211870306489881,0.0035045026538131916,0.003620446874098637,0.0034172605871217046,0.004173630374475151,0.004334845686337395,0.005311440762443516,0.005630758788171248,0.006221890296844259,0.008056092034532785,0.006657606062975317,0.005762680230073644
     Rent net loss,NaN,NaN,NaN,NaN,NaN,NaN,0.0038999797632771143,0.004414479203083688,0.005380740927860413,0.006538231871157538,0.007484064108169226,0.008486054662482633,NaN,NaN,NaN,NaN,NaN,NaN,NaN,NaN,NaN,NaN,NaN,NaN,NaN,NaN,NaN,NaN,NaN,NaN,NaN,NaN,NaN,NaN,NaN,NaN,NaN,NaN,NaN,NaN,NaN,NaN,NaN,NaN,NaN,NaN,NaN,
     Royalty net loss,NaN,NaN,NaN,NaN,NaN,NaN,7.147429671151694e-5,6.0322287082109546e-5,3.238463659433391e-5,5.059177291137115e-6,2.8649597059584753e-6,8.18341041014003e-6,NaN,NaN,NaN,NaN,NaN,NaN,NaN,NaN,NaN,NaN,NaN,NaN,NaN,NaN,NaN,NaN,NaN,NaN,NaN,NaN,NaN,NaN,NaN,NaN,NaN,NaN,NaN,NaN,NaN,NaN,NaN,NaN,NaN,NaN,NaN,
     Farm net loss,4.045334333588145e-6,NaN,NaN,6.2412851851017115e-6,NaN,4.8888691344682245e-6,0.000747940547065036,0.0007524278595330028,0.000608629298868091,0.0006610366075203344,0.000667335333957597,0.0005693128987903173,0.0003451221006690744,0.0004315509894321292,0.00030998106913311517,0.0003101057093372221,0.0003011286382600949,0.00020679054900160683,0.00024856824881144856,0.0002649565624058285,0.00030058422076432095,0.00026090872898985054,0.000246032667595603,0.00029865934620548995,0.0002771407259677223,0.0003082468828261024,0.00032497978393164424,0.0003659894293294567,0.0003249067555830995,0.0003103982288570962,0.0003267765645384451,0.00041533658043963834,0.00039643682550806854,0.00040690210917339645,0.0005104201410312578,0.00042195463065215554,0.0004115319417025882,0.0003516644241376107,0.00046759837857271534,0.0003745962236325045,NaN,NaN,NaN,NaN,NaN,NaN,NaN,
     Net loss from other partnerships,0.0006825783546124883,NaN,NaN,NaN,NaN,NaN,NaN,NaN,NaN,NaN,NaN,NaN,NaN,NaN,NaN,NaN,NaN,NaN,NaN,NaN,NaN,NaN,NaN,NaN,NaN,NaN,NaN,NaN,NaN,NaN,NaN,NaN,NaN,NaN,NaN,NaN,NaN,NaN,NaN,NaN,NaN,NaN,NaN,NaN,NaN,NaN,NaN,
"     Net loss, noncapital assets",7.14165317430548e-5,NaN,NaN,8.228486234260177e-5,NaN,0.0002506720488907912,0.00017725966085248052,0.00013106449001417254,5.995754584844738e-5,9.657785429163221e-5,6.697520315263107e-5,0.00011589230660723539,0.0002106296013667778,7.708503375768031e-5,0.00012090637729146799,0.00017663853162023255,6.133177788253543e-5,9.04032880559518e-5,8.421914865790321e-5,9.160510240096519e-5,9.236939590554611e-5,7.564310312664666e-5,8.722267145684457e-5,9.417391965434147e-5,0.00012119553051279741,0.00017052523511962596,0.00042813507820738545,0.00032726010210531363,0.00019675972923549617,0.0001801724389131516,0.00022952617404277273,0.0002056990284087179,0.00019633876155605674,0.0007207627938568417,0.0008245367976263682,0.0004521769627969912,0.00047426103217670663,0.000254856690396254,0.00036460704818637966,0.00034254910996267746,0.0003544804189599366,0.00029326282977219835,0.00030894067346784145,0.00033006069368135457,0.0003347578470585537,0.0004438335570886764,0.0003678796930494408,0.00033483835147202716
     Other deductions,0.014538820609364095,NaN,NaN,0.020159250790632247,NaN,0.022358990475997154,0.0159838873279138,0.016145229558444028,0.014407053806261795,0.014427344324480826,0.015310083086366631,0.01564991415247211,0.014805424682532082,0.015319949553494189,0.01553247476770692,0.015449286148380786,0.015433651357417163,0.015800749103534226,0.0163703181674168,0.016971643981339428,0.018760895285957695,0.021454634031295453,0.025745913169631617,0.02977657222914244,0.032525951670264015,0.035363343911863014,0.039444994575185674,0.040425884802309575,0.0397177058338316,0.041965970587686405,0.04363594061812242,0.04615287266559797,0.04405270132541784,0.05314482349259594,0.047609416298460286,0.04671135255692897,0.04769775134598466,0.04932960126049205,0.0498009200220157,0.05029401070118828,0.05123910672079652,0.05138634754651617,0.054537350713350356,0.05374560482513121,0.05031120792022946,0.05436041196370705,0.05737254881795627,0.058355658694463866
Net profit (less loss),0.004592291311552468,NaN,NaN,NaN,NaN,NaN,NaN,NaN,NaN,NaN,NaN,NaN,NaN,NaN,NaN,NaN,NaN,NaN,NaN,NaN,NaN,NaN,NaN,NaN,NaN,NaN,NaN,NaN,NaN,NaN,NaN,NaN,NaN,NaN,NaN,NaN,NaN,NaN,NaN,NaN,NaN,NaN,NaN,NaN,NaN,NaN,NaN,
     Net profit,0.013313477207010014,NaN,NaN,NaN,NaN,NaN,NaN,NaN,NaN,NaN,NaN,NaN,NaN,NaN,NaN,NaN,NaN,NaN,NaN,NaN,NaN,NaN,NaN,NaN,NaN,NaN,NaN,NaN,NaN,NaN,NaN,NaN,NaN,NaN,NaN,NaN,NaN,NaN,NaN,NaN,NaN,NaN,NaN,NaN,NaN,NaN,NaN,
     Net loss,0.008721185895457546,NaN,NaN,NaN,NaN,NaN,NaN,NaN,NaN,NaN,NaN,NaN,NaN,NaN,NaN,NaN,NaN,NaN,NaN,NaN,NaN,NaN,NaN,NaN,NaN,NaN,NaN,NaN,NaN,NaN,NaN,NaN,NaN,NaN,NaN,NaN,NaN,NaN,NaN,NaN,NaN,NaN,NaN,NaN,NaN,NaN,NaN,
 Ordinary business income (loss),NaN,NaN,NaN,0.0061433981729027785,NaN,0.0028868637496775812,-0.0008527789323554018,-0.002187514523195094,-0.0007182206129930397,-0.0008668547480900225,-0.002047411153637757,-0.003793069790994078,0.003975797158313278,0.006375889106297067,0.005280209799382442,0.004280758774230507,0.004064286571457012,0.005869914039587278,0.00749692829062198,0.0077264473114360506,0.00796600843823534,0.011130486074656123,0.010826672691695719,0.009794695291761933,0.01115972812031599,0.011625102429510937,0.010793647736627226,0.011548289119295006,0.013484623247166443,0.01690261185954617,0.023696024916258263,0.025844397373603417,0.024668356543782508,0.007502162037803738,0.009518764417929548,0.016915012660998548,0.016394610497154696,0.024131215143131185,0.022961556472566896,0.025020966328183025,0.020767214562608542,0.018863369588575072,0.01830223410014898,0.018246650596838304,0.013585839951026886,0.01481002925762707,0.027879587383188107,0.03253241755951556
      Net income,NaN,NaN,NaN,0.014326142764986718,NaN,0.015770708572792492,0.015767553330312895,0.016016816850584772,0.016595344902832605,0.01726191242201766,0.01775641066711777,0.0175155755998682,0.012775745255359443,0.014408010941789055,0.01345168534346761,0.012818030220299896,0.011792517337652395,0.012557341065869856,0.01350533530439849,0.013458466831594311,0.014308611316942482,0.018558011758028677,0.019528696649113872,0.020130894290373513,0.02185128570022423,0.02346767188062143,0.025091092087274447,0.024424100484687315,0.024849916248052408,0.028425310357630344,0.03409731603871005,0.03736952526722904,0.03566903727093424,0.035542081029599326,0.03168968336726167,0.03322121133730672,0.033856748628758496,0.03834575651363944,0.03775540681618155,0.03919190933192368,0.03674868804454371,0.035390341130533284,0.03774274261881771,0.03718210253849197,0.0340147485267165,0.04074587814775394,0.048565237151613795,0.05129815935864565
      Loss,NaN,NaN,NaN,0.00818274459208394,NaN,0.012883845173094806,0.016620331950854387,0.018204331074717934,0.017313565515825646,0.018128767170107685,0.01980382182075553,0.021308645390862278,0.008799948097046166,0.008053128481612883,0.008171475544085167,0.008537271446069389,0.0077282307661953814,0.006687426872916036,0.006008406867973287,0.00573201952015826,0.006342602878707141,0.007427525683372554,0.008702023957418153,0.01033619899861158,0.01069155757990824,0.011842569548662408,0.01429744444514795,0.012875811365392308,0.011365293000885963,0.011522698498084176,0.010401291122451788,0.011525127821243592,0.011000680658063422,0.02803991905950103,0.022170918949332118,0.016306198676308167,0.017462138195707466,0.014214541308984821,0.014793850343614651,0.014170943060532579,0.015981473481935165,0.016526971595135803,0.019440508467679803,0.018935451941653664,0.020428908575689617,0.025935848890126872,0.020685649768425685,0.018765741799130087
Capital gains and losses allocable to partners:,NaN,NaN,NaN,NaN,NaN,NaN,NaN,NaN,NaN,NaN,NaN,NaN,NaN,NaN,NaN,NaN,NaN,NaN,NaN,NaN,NaN,NaN,NaN,NaN,NaN,NaN,NaN,NaN,NaN,NaN,NaN,NaN,NaN,NaN,NaN,NaN,NaN,NaN,NaN,NaN,NaN,NaN,NaN,NaN,NaN,NaN,NaN,
    Net short-term capital gain (less loss),NaN,NaN,NaN,0.0001049741048537612,NaN,-1.584708958470336e-6,0.28265673591326085,0.0003736725014646558,NaN,NaN,NaN,NaN,NaN,NaN,NaN,NaN,NaN,NaN,NaN,NaN,NaN,NaN,NaN,NaN,NaN,NaN,NaN,NaN,NaN,NaN,NaN,NaN,NaN,NaN,NaN,NaN,NaN,NaN,NaN,NaN,NaN,NaN,NaN,NaN,NaN,NaN,NaN,
    Net long-term capital gain (less loss),NaN,NaN,NaN,0.0015946579327512896,NaN,0.002235115792597715,0.0017295616114667695,0.002111443634750877,NaN,NaN,NaN,NaN,NaN,NaN,NaN,NaN,NaN,NaN,NaN,NaN,NaN,NaN,NaN,NaN,NaN,NaN,NaN,NaN,NaN,NaN,NaN,NaN,NaN,NaN,NaN,NaN,NaN,NaN,NaN,NaN,NaN,NaN,NaN,NaN,NaN,NaN,NaN,
Portfolio income distributed directly to partners:,NaN,NaN,NaN,NaN,NaN,NaN,NaN,NaN,NaN,NaN,NaN,NaN,NaN,NaN,NaN,NaN,NaN,NaN,NaN,NaN,NaN,NaN,NaN,NaN,NaN,NaN,NaN,NaN,NaN,NaN,NaN,NaN,NaN,NaN,NaN,NaN,NaN,NaN,NaN,NaN,NaN,NaN,NaN,NaN,NaN,NaN,NaN,
Portfolio income:,NaN,NaN,NaN,NaN,NaN,NaN,NaN,NaN,NaN,NaN,NaN,NaN,NaN,NaN,NaN,NaN,NaN,NaN,NaN,NaN,NaN,NaN,NaN,NaN,NaN,NaN,NaN,NaN,NaN,NaN,NaN,NaN,NaN,NaN,NaN,NaN,NaN,NaN,NaN,NaN,NaN,NaN,NaN,NaN,NaN,NaN,NaN,
  Portfolio income (loss) distributed directly to partners,NaN,NaN,NaN,NaN,NaN,NaN,NaN,NaN,NaN,NaN,NaN,NaN,0.006109419665246544,0.008001744124536565,0.008724087932813148,0.006479129969023052,0.005532581892974311,0.0049173138095681395,0.0064611815688980735,0.0061896610731421355,0.010123673827504018,0.013396183533458308,0.016360935381097078,0.01786393204232194,0.021462931925626497,0.026907481373437316,0.014457097850495879,0.01012589627625603,0.016488654513396383,0.029105001835118303,0.04105061584697278,0.05229070130446178,0.049911230084257345,0.025107950500823907,0.015338510935195976,0.04112434026220132,0.04267279175052494,0.05557709095070312,0.05394763713055923,0.06114200632684728,0.054415882705560456,0.04520205592017363,0.061934953020334076,0.05864255269378437,0.05360705603189455,0.06258522720707158,0.11092445086319044,
     Interest income,NaN,NaN,NaN,NaN,NaN,NaN,NaN,NaN,NaN,NaN,NaN,NaN,0.002794602916657656,0.0037767064176067776,0.003712056019767512,0.003488030978289305,0.0032269832281850543,0.00238797471353814,0.002380576007292494,0.002669131204204173,0.004089220601357453,0.004132704918865341,0.0047460085348360465,0.00567756614747931,0.006413524958333213,0.00803075411922717,0.008013808068453305,0.006425530336053043,0.006171447874341528,0.007198256457537393,0.01025692671105437,0.014005910065467378,0.013368575719547875,0.01659544706646548,0.012299242847819395,0.012132316289266556,0.010921481086982777,0.010226337750100437,0.009299852440804677,0.008736037734370324,0.008472577372015847,0.009630805311356665,0.010355059034467595,0.011656286519953317,0.012146158107281613,0.01111049651230316,0.009812127172938818,0.01286253152704546
     Dividend income,NaN,NaN,NaN,NaN,NaN,NaN,NaN,NaN,NaN,NaN,NaN,NaN,0.00047584834039275295,0.000544079200403022,0.0005741795738073377,0.0004741770448608989,0.0004664044874668913,0.0003859327914075475,0.00044360732334590983,0.0006104470885806361,0.0007057844439653711,0.0010955840875438276,0.0013675057871989583,0.001512866805100445,0.0017343779137160046,0.0020409061519359372,0.002213227569377946,0.0024037688162657006,0.0027303101746177917,0.004034420418564129,0.004985973752831559,0.006072704278929091,0.005796367861553652,0.006521022268183684,0.0054520367256209,0.00869452615730338,0.007711317476479724,0.009715035526705168,0.008838313828889506,0.009241705227435178,0.0087154910306461,0.008868978176075583,0.008900328225908676,0.008946462026800647,0.008674068158459928,0.009232318162273516,0.012024318242981382,0.011371746478378072
     Royalties ,NaN,NaN,NaN,NaN,NaN,NaN,NaN,NaN,NaN,NaN,NaN,NaN,0.00012112666483358615,0.00011245010444122513,0.00013599984401532905,0.00015286466333866831,0.00018008180731517642,0.0002276921080798555,0.0002710464399300203,0.00032593276792462875,0.0002971622497021826,0.0003670125386436623,0.00038479918279714305,0.00040680717706205477,0.0004899524170059469,0.0005812812312456443,0.0007490809095392721,0.0007305424193813438,0.0010182793971954664,0.0009870620066994096,0.0012498291114092378,0.001029269557426567,0.000982432983645138,0.0014983959904297007,0.001029746857781498,0.0012844301447587348,0.0015462718205671738,0.0014486263355967804,0.001640519284675863,0.0019713215559759925,0.0016290376632022083,0.0014888778799455227,0.0015848610720054382,0.0019630356832681757,0.0015613256315627376,0.0018157873573685418,0.0023173086759074413,0.0030882974125043647
     Net short-term capital gain (loss),NaN,NaN,NaN,NaN,NaN,NaN,NaN,NaN,NaN,NaN,NaN,NaN,8.534575708799713e-5,0.0006519515747154841,0.0017175128244215274,0.00040308401071649454,0.000467344058560644,0.0003315881243379358,0.0007538106765575685,-0.00014465182683804943,0.0005884753543604639,0.0010062232430031405,0.0014594582463621321,0.00012658393080208945,0.0019615417521356695,0.00128133416291482,-0.0010453741468119848,-0.00043597098683625414,0.001979776457803246,0.0022785775885072156,0.0032642666569114645,0.003953049900246699,0.0037731676604790252,-0.008492839134177421,0.004427361470284673,0.004872260900761919,0.0011316592490178677,0.003657155144250912,0.005352195524316167,0.0037515816834238803,0.0002780078555808004,0.0009216680236701973,0.00460800112094053,-0.0014292553013296144,0.0035108877064056973,0.003747602054915676,0.007941530145966528,-0.004788986741465447
     Net long-term capital gain (loss),NaN,NaN,NaN,NaN,NaN,NaN,NaN,NaN,NaN,NaN,NaN,NaN,0.0025313039690312376,0.0028160719175897814,0.0024888967275125055,0.001817613326124608,0.0010976059449225568,0.0014566599190500723,0.0024774231730017924,0.0026435711701940216,0.004281632681911408,0.006595883476057962,0.008196899301805456,0.009932495712977543,0.010609314110473783,0.014420343398349734,0.004266204677804963,0.0008373630309079204,0.004322589458340062,0.014606685281958316,0.02129361976814983,0.02722976757477408,0.025990685928119966,0.008985924309922462,-0.007869876897240495,0.014140806770110727,0.021362062181581067,0.030529936132526393,0.02881675605187302,0.037441360125641907,0.03532076872945582,0.02429172652912566,0.036486703567011836,0.03750602381350272,0.027714616428184572,0.03667902302664466,0.07882916662539627,0.03716364310751255
     Other portfolio income (less deficit),NaN,NaN,NaN,NaN,NaN,NaN,NaN,NaN,NaN,NaN,NaN,NaN,0.00010119201724331466,0.00010054048190773958,9.54431205442447e-5,0.0001433597779963053,9.636465881114216e-5,0.00012746599978804744,0.00013471809457351027,8.523053185048487e-5,0.0001613984962071398,0.00019877539321219227,0.00020626432809734059,0.0002076122689004975,0.0002542208777914048,0.0005528624073159253,0.00026015077213237774,0.0001646626604842774,0.0002662512383853637,NaN,NaN,NaN,NaN,NaN,NaN,NaN,NaN,NaN,NaN,NaN,NaN,NaN,NaN,NaN,NaN,NaN,NaN,
Net rental real estate income (loss),NaN,NaN,NaN,NaN,NaN,NaN,NaN,NaN,NaN,NaN,NaN,NaN,-0.00859827484467732,-0.0082641410057753,-0.007461797404273271,-0.0058969743142208205,-0.004640148168380364,-0.002598368456060563,-0.001224360539874338,-0.0003423919576640581,0.0005714524128999526,0.000942939175203843,0.0020199952154181054,0.0029642308787653994,0.003782739006218558,0.0034184055295547184,0.0040447664126266585,0.0036195042632939487,0.0026658559152267936,0.002337139143875567,0.0014192939181760962,0.0010945719771652054,0.0010447638381819052,-0.0008475180066001971,-0.0002530480761002142,0.000263168292370289,0.000526469941919515,0.002097944256080207,0.002543952812809766,0.0024330765126897576,0.0029740217815570455,0.0030317846192641253,0.00212832739703271,0.001960283040954244,-0.0004089365998541689,-0.0017150173136905194,-0.001781234440623216,-0.0025666184499989137
   Net income,NaN,NaN,NaN,NaN,NaN,NaN,NaN,NaN,NaN,NaN,NaN,NaN,0.0027074154285649556,0.0030869262655262987,0.0031461402656702553,0.0032986060708914628,0.003273398462422596,0.0033973546112027815,0.0036432782746346573,0.0038535351400723126,0.004200599260525444,0.004478307772383472,0.005111379680356354,0.005937628885146859,0.006543439988404319,0.006462253164389024,0.007290089831447555,0.007203142745043785,0.006762206617233087,0.006812572459343372,0.0066748294392668505,0.0064788219215938985,0.006184005254028056,0.006522101357480523,0.0066470425920808355,0.006611582014477933,0.006578543592928391,0.0074044890571349645,0.007636586979330161,0.007827490959009977,0.008245326993101237,0.00866348650482988,0.00852634934287003,0.009080119997002398,0.007866131225179297,0.008433617597822457,0.009005050273659578,0.008804934742076777
   Loss,NaN,NaN,NaN,NaN,NaN,NaN,NaN,NaN,NaN,NaN,NaN,NaN,0.011305690273242276,0.011351067271301599,0.010607937669943527,0.009195580385112282,0.007913221856833463,0.005995723067263344,0.0048676388145089955,0.004195927234962611,0.0036291468476254913,0.0035353687210474462,0.003091384464938248,0.0029733980063814595,0.002760700982185761,0.0030438477323862212,0.0032453234188208973,0.003583638481749837,0.004096350702006294,0.004475433315467805,0.005255535521090754,0.005384249944428693,0.005139241415846151,0.00736961936408072,0.006900090668181049,0.006348413722107644,0.006052073651008876,0.005306544801054758,0.0050926341072810855,0.005394414446320219,0.005271305156884505,0.005631701938743349,0.006398021894848395,0.007119836956048155,0.008275067825033466,0.010148634911512976,0.010786284756431279,0.011371553192075692
Other net rental income (loss),NaN,NaN,NaN,NaN,NaN,NaN,NaN,NaN,NaN,NaN,NaN,NaN,1.3566649468664106e-5,0.00012221876779597123,0.00016308037819192495,0.0001431494862441692,8.438407185039483e-5,0.00018136667072065558,0.00021560272354586438,0.00020287746959203736,0.00019231181547980176,0.00012036520691747257,6.282655004598048e-5,3.739069209937705e-5,-0.00011592369028400698,-8.748065545522016e-6,3.916072390960098e-5,-0.00012658306606540992,-2.8599260678482427e-5,3.205637365562442e-5,0.00028180907152487993,0.00021159592034588769,0.00020196731735882563,-0.0002478705623654439,0.0002635661238478866,0.00016359165021980572,0.00013745838710562463,0.0002414237260189357,0.00026143450475315486,0.00015688535607796803,0.00010378147188587232,0.00021707805827126135,3.315376393616554e-5,5.68518427792954e-5,-0.000245220167779156,0.00031330371750434534,0.00012049303612188414,-9.97076371962371e-5
   Net income,NaN,NaN,NaN,NaN,NaN,NaN,NaN,NaN,NaN,NaN,NaN,NaN,0.00027621948770548783,0.000465439101923865,0.0004236114705454855,0.00036115562528759996,0.00041992640946625186,0.0003960167948632024,0.00039064649002800735,0.00041827477523714065,0.0004388725336395214,0.00036235349843592105,0.0003555730119735794,0.0003246440924494007,0.00030445495106929874,0.000449889434659337,0.0004766944665759901,0.0003950862229561644,0.0004398398282190382,0.0004960100500966015,0.000555305054444687,0.0004944582505132067,0.0004719580899236906,0.000547111002120399,0.0007468692471170358,0.0005461908990322329,0.0004620259501894007,0.0004750364987753761,0.0005104892379058359,0.0004514910094412027,NaN,NaN,NaN,NaN,NaN,NaN,NaN,
   Loss,NaN,NaN,NaN,NaN,NaN,NaN,NaN,NaN,NaN,NaN,NaN,NaN,0.0002626526322727212,0.0003432203341278938,0.00026053109235356055,0.00021800630674020282,0.000335542337615857,0.00021465012414254684,0.0001750439122853649,0.00021539730564510331,0.0002465607181597196,0.0002419882915184485,0.0002927464619275989,0.0002872534003500236,0.0004203786413533057,0.000458637500204859,0.0004375337426663891,0.0005216692890215744,0.0004684390888975206,0.00046395367644097715,0.0002734959829198071,0.00028286233016731904,0.00026999077256486495,0.0007949816321912824,0.0004833031232691491,0.00038259931526215315,0.00032456756308377606,0.00023361277275644042,0.0002490547331526811,0.00029460565336323464,NaN,NaN,NaN,NaN,NaN,NaN,NaN,
Total net income (loss) [1],NaN,NaN,NaN,NaN,NaN,NaN,NaN,NaN,NaN,NaN,NaN,NaN,-0.00111614109776807,0.0027677428817069923,0.0024991713314355198,0.002785366243042261,0.0034761543644181536,0.006581978020427503,0.009718118339435441,0.011277674553150194,0.01398333845784724,0.01798786739504246,0.019614072406672674,0.020601169261169016,0.02371861960309711,0.02624056360814098,0.026113842192666385,0.02476571454870791,0.026308168586254906,0.03149154634173013,0.04188985740456257,0.04825844917293754,0.0460624642640699,0.031021638726211526,0.028310308896899013,0.03945304519491731,0.03723760914610584,0.04786058273763271,0.04554562946297848,0.04755999265794032,0.04266212388191562,0.04210089358031063,0.04130396359349957,0.04282956975900486,0.035313235080697836,0.035566917740169124,0.05037260002836593,0.057188666890248305
   Net income,NaN,NaN,NaN,NaN,NaN,NaN,NaN,NaN,NaN,NaN,NaN,NaN,0.018053579707592762,0.021271052001379565,0.020186891969980043,0.019506119758301996,0.01841601905383924,0.018685314095443373,0.020039294551523142,0.020711246898000833,0.023384400586982636,0.028261388345177985,0.03058835504582193,0.03286784881566074,0.03618126205201195,0.03999363054280227,0.04215386173919708,0.040237660841122624,0.040898566484382164,0.046347106651968256,0.055494664203631555,0.06304876746786582,0.06017975397375252,0.06291625256891364,0.05497545977650193,0.060096710997715394,0.05852787676095974,0.06570967578997623,0.06395403728628753,0.0656583857418655,0.06217345677531136,0.06239353864599108,0.06517174992257331,0.06688034531089367,0.062289023129174385,0.06903977351221723,0.07989856591886121,0.08529051967532507
   Loss,NaN,NaN,NaN,NaN,NaN,NaN,NaN,NaN,NaN,NaN,NaN,NaN,0.019169720805360835,0.018503309119672573,0.01768772063854452,0.016720753515259736,0.014939864851808074,0.012103336228382411,0.0103211762120877,0.00943357234485064,0.009401062129135395,0.010273520950135524,0.010974282639149258,0.01226667955449172,0.012462642448914835,0.013753066934661289,0.016040019452029965,0.015471946292414714,0.014590397898127256,0.014855560310238127,0.013604806799068992,0.014790318294928271,0.014117289709682616,0.03189461384270212,0.02666515087960292,0.020643665869247804,0.021290267678957562,0.01784909299082009,0.018408407882548355,0.018098393140717095,0.01951133289339574,0.020292645118858036,0.023867786329073753,0.02405077555188881,0.02697578804847655,0.033472855772048095,0.029525965890495286,0.02810185278507676
